S,B,layer,kernel,us
32,1,conv1,aten::cudnn_convolution,24.66779999999999
32,1,conv1,Activity Buffer Request,2.5630999999999857
32,1,conv1,"void implicit_convolve_sgemm<float, float, 128, 5, 5, 3, 3, 3, 1, false, false, true>(int, int, int, float const*, int, float*, float const*, kernel_conv_params, unsigned long long, int, float, float, int, float const*, float const*, bool, bool, int, int)",24.66779999999999
32,1,pool1,aten::max_pool2d_with_indices,6.790300000000025
32,1,pool1,Activity Buffer Request,0.6815999999999803
32,1,pool1,"void at::native::(anonymous namespace)::max_pool_forward_nchw<float, int>(int, float const*, long, long, long, int, int, int, int, int, int, int, int, int, int, float*, long*)",6.790300000000025
32,1,conv2,aten::cudnn_convolution,83.96779999999981
32,1,conv2,Activity Buffer Request,9.09399999999996
32,1,conv2,"void flip_filter<float, float>(float*, float const*, int, int, int, int)",10.284100000000034
32,1,conv2,"void fft2d_r2c_16x16<float>(float2*, float const*, int, int, int, int, int, int, int, int)",46.76309999999999
32,1,conv2,"std::enable_if<!(false), void>::type internal::gemvx::kernel<int, int, float2, float2, float2, float2, false, true, true, false, 5, false, cublasGemvParamsEx<int, cublasGemvTensorStridedBatched<float2 const>, cublasGemvTensorStridedBatched<float2 const>, cublasGemvTensorStridedBatched<float2>, float2> >(cublasGemvParamsEx<int, cublasGemvTensorStridedBatched<float2 const>, cublasGemvTensorStridedBatched<float2 const>, cublasGemvTensorStridedBatched<float2>, float2>)",15.804199999999991
32,1,conv2,"void fft2d_c2r_16x16<float, false>(float*, float2*, int, int, int, int, int, int, int, int, int, int, float, float, int, cudnnActivationStruct, float*, float*)",11.116399999999794
32,1,conv3,aten::cudnn_convolution,77.39820000000005
32,1,conv3,Activity Buffer Request,8.176000000000021
32,1,conv3,"void implicit_convolve_sgemm<float, float, 128, 5, 5, 3, 3, 3, 1, false, false, true>(int, int, int, float const*, int, float*, float const*, kernel_conv_params, unsigned long long, int, float, float, int, float const*, float const*, bool, bool, int, int)",77.39820000000005
32,1,conv4,aten::cudnn_convolution,13.945000000000027
32,1,conv4,Activity Buffer Request,1.4016000000000077
32,1,conv4,volta_sgemm_32x32_sliced1x4_nn,13.945000000000027
32,1,conv5,aten::cudnn_convolution,290.5631000000001
32,1,conv5,Activity Buffer Request,30.210200000000007
32,1,conv5,"void implicit_convolve_sgemm<float, float, 128, 5, 5, 3, 3, 3, 1, false, false, true>(int, int, int, float const*, int, float*, float const*, kernel_conv_params, unsigned long long, int, float, float, int, float const*, float const*, bool, bool, int, int)",290.5631000000001
32,1,conv6,aten::cudnn_convolution,19.50969999999993
32,1,conv6,Activity Buffer Request,1.9775000000000091
32,1,conv6,volta_sgemm_32x32_sliced1x4_nn,19.50969999999993
32,1,pool2,aten::mean,5.6543999999999865
32,1,pool2,Activity Buffer Request,0.5632000000000061
32,1,pool2,"void at::native::reduce_kernel<512, 1, at::native::ReduceOp<float, at::native::MeanOps<float, float, float, float>, unsigned int, float, 4, 4> >(at::native::ReduceOp<float, at::native::MeanOps<float, float, float, float>, unsigned int, float, 4, 4>)",5.6543999999999865
32,1,fc1,aten::addmm,6.665400000000022
32,1,fc1,Activity Buffer Request,0.6750999999999976
32,1,fc1,"std::enable_if<!(false), void>::type internal::gemvx::kernel<int, int, float, float, float, float, false, true, true, false, 7, false, cublasGemvParamsEx<int, cublasGemvTensorStridedBatched<float const>, cublasGemvTensorStridedBatched<float const>, cublasGemvTensorStridedBatched<float>, float> >(cublasGemvParamsEx<int, cublasGemvTensorStridedBatched<float const>, cublasGemvTensorStridedBatched<float const>, cublasGemvTensorStridedBatched<float>, float>)",6.665400000000022
32,1,relu,aten::clamp_min_,3.2990999999999984
32,1,relu,Activity Buffer Request,0.3296000000000049
32,1,relu,"void at::native::vectorized_elementwise_kernel<4, at::native::(anonymous namespace)::launch_clamp_scalar(at::TensorIteratorBase&, c10::Scalar, c10::Scalar, at::native::detail::ClampLimits)::{lambda()#1}::operator()() const::{lambda()#7}::operator()() const::{lambda(float)#1}, std::array<char*, 2ul> >(int, at::native::(anonymous namespace)::launch_clamp_scalar(at::TensorIteratorBase&, c10::Scalar, c10::Scalar, at::native::detail::ClampLimits)::{lambda()#1}::operator()() const::{lambda()#7}::operator()() const::{lambda(float)#1}, std::array<char*, 2ul>)",3.2990999999999984
32,1,fc2,aten::addmm,6.854100000000107
32,1,fc2,Activity Buffer Request,0.671900000000005
32,1,fc2,"std::enable_if<!(false), void>::type internal::gemvx::kernel<int, int, float, float, float, float, false, true, true, false, 7, false, cublasGemvParamsEx<int, cublasGemvTensorStridedBatched<float const>, cublasGemvTensorStridedBatched<float const>, cublasGemvTensorStridedBatched<float>, float> >(cublasGemvParamsEx<int, cublasGemvTensorStridedBatched<float const>, cublasGemvTensorStridedBatched<float const>, cublasGemvTensorStridedBatched<float>, float>)",6.854100000000107
32,8,conv1,aten::cudnn_convolution,56.794900000000055
32,8,conv1,Activity Buffer Request,5.663699999999972
32,8,conv1,"void cask__5x_cudnn::computeOffsetsKernel<false, false>(cask__5x_cudnn::ComputeOffsetsParams)",3.618899999999985
32,8,conv1,_5x_cudnn_volta_scudnn_128x32_relu_medium_nn_v1,53.176000000000066
32,8,pool1,aten::max_pool2d_with_indices,7.776099999999952
32,8,pool1,Activity Buffer Request,0.7744999999999891
32,8,pool1,"void at::native::(anonymous namespace)::max_pool_forward_nchw<float, int>(int, float const*, long, long, long, int, int, int, int, int, int, int, int, int, int, float*, long*)",7.776099999999952
32,8,conv2,aten::cudnn_convolution,134.17219999999998
32,8,conv2,Activity Buffer Request,13.333899999999971
32,8,conv2,"void flip_filter<float, float>(float*, float const*, int, int, int, int)",10.508699999999953
32,8,conv2,"void fft2d_r2c_16x16<float>(float2*, float const*, int, int, int, int, int, int, int, int)",64.37569999999997
32,8,conv2,volta_gcgemm_64x32_tn,45.09320000000007
32,8,conv2,"void fft2d_c2r_16x16<float, false>(float*, float2*, int, int, int, int, int, int, int, int, int, int, float, float, int, cudnnActivationStruct, float*, float*)",14.19459999999999
32,8,conv3,aten::cudnn_convolution,77.10189999999997
32,8,conv3,Activity Buffer Request,7.919800000000009
32,8,conv3,"void implicit_convolve_sgemm<float, float, 128, 5, 5, 3, 3, 3, 1, false, false, true>(int, int, int, float const*, int, float*, float const*, kernel_conv_params, unsigned long long, int, float, float, int, float const*, float const*, bool, bool, int, int)",77.10189999999997
32,8,conv4,aten::cudnn_convolution,22.981600000000025
32,8,conv4,Activity Buffer Request,2.3070999999999913
32,8,conv4,"void cudnn::cnn::kern_precompute_indices<false>(int*, int, int, int, int, int)",2.825599999999986
32,8,conv4,"void precomputed_convolve_sgemm<float, 1024, 5, 5, 4, 3, 3, 1, false>(int, int, int, float const*, int, float*, float const*, kernel_conv_params, unsigned long long, int, float, float, int, bool, bool, float const*, float const*, int*)",20.15600000000004
32,8,conv5,aten::cudnn_convolution,292.1924000000001
32,8,conv5,Activity Buffer Request,31.1318
32,8,conv5,"void implicit_convolve_sgemm<float, float, 128, 5, 5, 3, 3, 3, 1, false, false, true>(int, int, int, float const*, int, float*, float const*, kernel_conv_params, unsigned long long, int, float, float, int, float const*, float const*, bool, bool, int, int)",292.1924000000001
32,8,conv6,aten::cudnn_convolution,37.19889999999996
32,8,conv6,Activity Buffer Request,3.9742999999999937
32,8,conv6,"void cudnn::cnn::kern_precompute_indices<false>(int*, int, int, int, int, int)",3.123099999999977
32,8,conv6,"void precomputed_convolve_sgemm<float, 1024, 5, 5, 4, 3, 3, 1, false>(int, int, int, float const*, int, float*, float const*, kernel_conv_params, unsigned long long, int, float, float, int, bool, bool, float const*, float const*, int*)",34.07579999999998
32,8,pool2,aten::mean,5.788799999999992
32,8,pool2,Activity Buffer Request,0.5791999999999916
32,8,pool2,"void at::native::reduce_kernel<512, 1, at::native::ReduceOp<float, at::native::MeanOps<float, float, float, float>, unsigned int, float, 4, 4> >(at::native::ReduceOp<float, at::native::MeanOps<float, float, float, float>, unsigned int, float, 4, 4>)",5.788799999999992
32,8,fc1,aten::addmm,14.025200000000074
32,8,fc1,Activity Buffer Request,1.3726999999999976
32,8,fc1,"void gemmSN_TN_kernel<float, 128, 16, 2, 4, 8, 9, false, cublasGemvTensorStridedBatched<float const>, cublasGemvTensorStridedBatched<float const>, cublasGemvTensorStridedBatched<float> >(cublasGemmSmallNParams<cublasGemvTensorStridedBatched<float const>, cublasGemvTensorStridedBatched<float const>, cublasGemvTensorStridedBatched<float>, float>)",14.025200000000074
32,8,relu,aten::clamp_min_,3.0783999999999425
32,8,relu,Activity Buffer Request,0.3039999999999964
32,8,relu,"void at::native::vectorized_elementwise_kernel<4, at::native::(anonymous namespace)::launch_clamp_scalar(at::TensorIteratorBase&, c10::Scalar, c10::Scalar, at::native::detail::ClampLimits)::{lambda()#1}::operator()() const::{lambda()#7}::operator()() const::{lambda(float)#1}, std::array<char*, 2ul> >(int, at::native::(anonymous namespace)::launch_clamp_scalar(at::TensorIteratorBase&, c10::Scalar, c10::Scalar, at::native::detail::ClampLimits)::{lambda()#1}::operator()() const::{lambda()#7}::operator()() const::{lambda(float)#1}, std::array<char*, 2ul>)",3.0783999999999425
32,8,fc2,aten::addmm,8.361500000000058
32,8,fc2,Activity Buffer Request,0.832000000000005
32,8,fc2,"void gemmSN_TN_kernel<float, 128, 16, 2, 4, 8, 9, false, cublasGemvTensorStridedBatched<float const>, cublasGemvTensorStridedBatched<float const>, cublasGemvTensorStridedBatched<float> >(cublasGemmSmallNParams<cublasGemvTensorStridedBatched<float const>, cublasGemvTensorStridedBatched<float const>, cublasGemvTensorStridedBatched<float>, float>)",8.361500000000058
32,64,conv1,aten::cudnn_convolution,107.97349999999999
32,64,conv1,Activity Buffer Request,10.889100000000008
32,64,conv1,"void cask__5x_cudnn::computeOffsetsKernel<false, false>(cask__5x_cudnn::ComputeOffsetsParams)",3.5997999999999593
32,64,conv1,_5x_cudnn_volta_scudnn_128x32_relu_medium_nn_v1,104.37370000000003
32,64,pool1,aten::max_pool2d_with_indices,28.223099999999977
32,64,pool1,Activity Buffer Request,3.119900000000007
32,64,pool1,"void at::native::(anonymous namespace)::max_pool_forward_nchw<float, int>(int, float const*, long, long, long, int, int, int, int, int, int, int, int, int, int, float*, long*)",28.223099999999977
32,64,conv2,aten::cudnn_convolution,226.85050000000015
32,64,conv2,Activity Buffer Request,22.796100000000013
32,64,conv2,"void cask__5x_cudnn::computeOffsetsKernel<false, false>(cask__5x_cudnn::ComputeOffsetsParams)",3.596800000000087
32,64,conv2,_5x_cudnn_volta_scudnn_128x64_relu_small_nn_v1,223.25370000000004
32,64,conv3,aten::cudnn_convolution,166.64880000000005
32,64,conv3,Activity Buffer Request,16.712800000000016
32,64,conv3,"void cask__5x_cudnn::computeOffsetsKernel<false, false>(cask__5x_cudnn::ComputeOffsetsParams)",3.590200000000027
32,64,conv3,_5x_cudnn_volta_scudnn_128x64_relu_small_nn_v1,163.0586
32,64,conv4,aten::cudnn_convolution,54.23160000000005
32,64,conv4,Activity Buffer Request,5.506900000000019
32,64,conv4,"void cask__5x_cudnn::computeOffsetsKernel<false, false>(cask__5x_cudnn::ComputeOffsetsParams)",3.468700000000035
32,64,conv4,_5x_cudnn_volta_scudnn_128x64_relu_small_nn_v1,50.762900000000016
32,64,conv5,aten::cudnn_convolution,515.8762000000002
32,64,conv5,Activity Buffer Request,51.67179999999998
32,64,conv5,"void implicit_convolve_sgemm<float, float, 128, 5, 5, 3, 3, 3, 1, false, false, true>(int, int, int, float const*, int, float*, float const*, kernel_conv_params, unsigned long long, int, float, float, int, float const*, float const*, bool, bool, int, int)",515.8762000000002
32,64,conv6,aten::cudnn_convolution,439.76279999999997
32,64,conv6,Activity Buffer Request,44.12319999999998
32,64,conv6,volta_sgemm_64x64_nn,439.76279999999997
32,64,pool2,aten::mean,14.738600000000087
32,64,pool2,Activity Buffer Request,1.487900000000036
32,64,pool2,"void at::native::reduce_kernel<512, 1, at::native::ReduceOp<float, at::native::MeanOps<float, float, float, float>, unsigned int, float, 4, 4> >(at::native::ReduceOp<float, at::native::MeanOps<float, float, float, float>, unsigned int, float, 4, 4>)",14.738600000000087
32,64,fc1,aten::addmm,28.7541999999999
32,64,fc1,Activity Buffer Request,3.0110999999999875
32,64,fc1,volta_sgemm_64x32_sliced1x4_tn,23.586400000000005
32,64,fc1,"void cublasLt::splitKreduce_kernel<32, 16, int, float, float, float, float, false, float, float, float, true, true, false>(cublasLt::cublasSplitKParams<float>, float const*, float const*, float*, float*, float const*, float const*, float const*, float const*, float*, void*, long, float*, int*, float*, float*, float const*, float const*, float const*, float const*, float const*)",5.167799999999898
32,64,relu,aten::clamp_min_,3.158400000000017
32,64,relu,Activity Buffer Request,0.3135999999999967
32,64,relu,"void at::native::vectorized_elementwise_kernel<4, at::native::(anonymous namespace)::launch_clamp_scalar(at::TensorIteratorBase&, c10::Scalar, c10::Scalar, at::native::detail::ClampLimits)::{lambda()#1}::operator()() const::{lambda()#7}::operator()() const::{lambda(float)#1}, std::array<char*, 2ul> >(int, at::native::(anonymous namespace)::launch_clamp_scalar(at::TensorIteratorBase&, c10::Scalar, c10::Scalar, at::native::detail::ClampLimits)::{lambda()#1}::operator()() const::{lambda()#7}::operator()() const::{lambda(float)#1}, std::array<char*, 2ul>)",3.158400000000017
32,64,fc2,aten::addmm,21.60889999999997
32,64,fc2,Activity Buffer Request,2.163099999999986
32,64,fc2,volta_sgemm_32x32_sliced1x4_tn,21.60889999999997
32,111,conv1,aten::cudnn_convolution,1475.9445000000007
32,111,conv1,Activity Buffer Request,142.51700000000005
32,111,conv1,"void fft2d_r2c_32x32<float, false, 1u, true>(float2*, float const*, int, int, int, int, int, int, int, int, int, cudnn::reduced_divisor, bool, int2, int, int)",27.56390000000024
32,111,conv1,"void fft2d_r2c_32x32<float, false, 0u, false>(float2*, float const*, int, int, int, int, int, int, int, int, int, cudnn::reduced_divisor, bool, int2, int, int)",159.46680000000023
32,111,conv1,volta_gcgemm_32x32_nt,635.3422000000002
32,111,conv1,"void fft2d_c2r_32x32<float, true, false, 0u, false, false>(float*, float2 const*, int, int, int, int, int, int, int, int, int, float, float, cudnn::reduced_divisor, bool, float*, float*, int2, cudnnActivationStruct, int, int)",653.5716
32,111,pool1,aten::max_pool2d_with_indices,51.143800000000034
32,111,pool1,Activity Buffer Request,4.9342000000000095
32,111,pool1,"void at::native::(anonymous namespace)::max_pool_forward_nchw<float, int>(int, float const*, long, long, long, int, int, int, int, int, int, int, int, int, int, float*, long*)",51.143800000000034
32,111,conv2,aten::cudnn_convolution,401.84560000000016
32,111,conv2,Activity Buffer Request,40.264300000000006
32,111,conv2,"void cask__5x_cudnn::computeOffsetsKernel<false, false>(cask__5x_cudnn::ComputeOffsetsParams)",3.5967000000001463
32,111,conv2,_5x_cudnn_volta_scudnn_128x64_relu_small_nn_v1,398.2489
32,111,conv3,aten::cudnn_convolution,173.40270000000018
32,111,conv3,Activity Buffer Request,17.4395
32,111,conv3,"void cask__5x_cudnn::computeOffsetsKernel<false, false>(cask__5x_cudnn::ComputeOffsetsParams)",3.5967000000001463
32,111,conv3,_5x_cudnn_volta_scudnn_128x64_relu_small_nn_v1,169.80600000000004
32,111,conv4,aten::cudnn_convolution,84.78469999999996
32,111,conv4,Activity Buffer Request,8.534100000000013
32,111,conv4,"void cask__5x_cudnn::computeOffsetsKernel<false, false>(cask__5x_cudnn::ComputeOffsetsParams)",3.4686999999999673
32,111,conv4,_5x_cudnn_volta_scudnn_128x64_relu_small_nn_v1,81.31599999999999
32,111,conv5,aten::cudnn_convolution,633.1558000000001
32,111,conv5,Activity Buffer Request,63.217000000000006
32,111,conv5,"void cask__5x_cudnn::computeOffsetsKernel<false, false>(cask__5x_cudnn::ComputeOffsetsParams)",4.255999999999949
32,111,conv5,_5x_cudnn_volta_scudnn_128x64_relu_small_nn_v1,628.8998000000003
32,111,conv6,aten::cudnn_convolution,741.921
32,111,conv6,Activity Buffer Request,74.3368
32,111,conv6,volta_sgemm_64x64_nn,741.921
32,111,pool2,aten::mean,21.994999999999983
32,111,pool2,Activity Buffer Request,2.2270999999999956
32,111,pool2,"void at::native::reduce_kernel<512, 1, at::native::ReduceOp<float, at::native::MeanOps<float, float, float, float>, unsigned int, float, 4, 4> >(at::native::ReduceOp<float, at::native::MeanOps<float, float, float, float>, unsigned int, float, 4, 4>)",21.994999999999983
32,111,fc1,aten::addmm,38.54919999999997
32,111,fc1,Activity Buffer Request,4.0254999999999885
32,111,fc1,volta_sgemm_128x32_tn,32.69960000000001
32,111,fc1,"void cublasLt::splitKreduce_kernel<32, 16, int, float, float, float, float, false, float, float, float, true, true, false>(cublasLt::cublasSplitKParams<float>, float const*, float const*, float*, float*, float const*, float const*, float const*, float const*, float*, void*, long, float*, int*, float*, float*, float const*, float const*, float const*, float const*, float const*)",5.849599999999964
32,111,relu,aten::clamp_min_,3.644700000000012
32,111,relu,Activity Buffer Request,0.36159999999999853
32,111,relu,"void at::native::vectorized_elementwise_kernel<4, at::native::(anonymous namespace)::launch_clamp_scalar(at::TensorIteratorBase&, c10::Scalar, c10::Scalar, at::native::detail::ClampLimits)::{lambda()#1}::operator()() const::{lambda()#7}::operator()() const::{lambda(float)#1}, std::array<char*, 2ul> >(int, at::native::(anonymous namespace)::launch_clamp_scalar(at::TensorIteratorBase&, c10::Scalar, c10::Scalar, at::native::detail::ClampLimits)::{lambda()#1}::operator()() const::{lambda()#7}::operator()() const::{lambda(float)#1}, std::array<char*, 2ul>)",3.644700000000012
32,111,fc2,aten::addmm,20.616999999999916
32,111,fc2,Activity Buffer Request,2.07349999999999
32,111,fc2,volta_sgemm_128x32_tn,15.826599999999985
32,111,fc2,"void cublasLt::splitKreduce_kernel<32, 16, int, float, float, float, float, false, float, float, float, true, true, false>(cublasLt::cublasSplitKParams<float>, float const*, float const*, float*, float*, float const*, float const*, float const*, float const*, float*, void*, long, float*, int*, float*, float*, float const*, float const*, float const*, float const*, float const*)",4.790399999999932
32,128,conv1,aten::cudnn_convolution,1548.7419
32,128,conv1,Activity Buffer Request,147.78990000000005
32,128,conv1,"void fft2d_r2c_32x32<float, false, 1u, true>(float2*, float const*, int, int, int, int, int, int, int, int, int, cudnn::reduced_divisor, bool, int2, int, int)",27.48370000000018
32,128,conv1,"void fft2d_r2c_32x32<float, false, 0u, false>(float2*, float const*, int, int, int, int, int, int, int, int, int, cudnn::reduced_divisor, bool, int2, int, int)",142.75010000000034
32,128,conv1,volta_gcgemm_32x32_nt,643.4493999999999
32,128,conv1,"void fft2d_c2r_32x32<float, true, false, 0u, false, false>(float*, float2 const*, int, int, int, int, int, int, int, int, int, float, float, cudnn::reduced_divisor, bool, float*, float*, int2, cudnnActivationStruct, int, int)",735.0586999999997
32,128,pool1,aten::max_pool2d_with_indices,57.92170000000001
32,128,pool1,Activity Buffer Request,5.5999000000000025
32,128,pool1,"void at::native::(anonymous namespace)::max_pool_forward_nchw<float, int>(int, float const*, long, long, long, int, int, int, int, int, int, int, int, int, int, float*, long*)",57.92170000000001
32,128,conv2,aten::cudnn_convolution,404.5349999999998
32,128,conv2,Activity Buffer Request,40.52679999999998
32,128,conv2,"void cask__5x_cudnn::computeOffsetsKernel<false, false>(cask__5x_cudnn::ComputeOffsetsParams)",3.5998999999999794
32,128,conv2,_5x_cudnn_volta_scudnn_128x64_relu_small_nn_v1,400.93509999999986
32,128,conv3,aten::cudnn_convolution,190.10499999999996
32,128,conv3,Activity Buffer Request,18.920900000000007
32,128,conv3,"void cask__5x_cudnn::computeOffsetsKernel<false, false>(cask__5x_cudnn::ComputeOffsetsParams)",3.599899999999957
32,128,conv3,_5x_cudnn_volta_scudnn_128x64_relu_xregs_large_nn_v1,186.50510000000003
32,128,conv4,aten::cudnn_convolution,86.02959999999993
32,128,conv4,Activity Buffer Request,8.665300000000002
32,128,conv4,"void cask__5x_cudnn::computeOffsetsKernel<false, false>(cask__5x_cudnn::ComputeOffsetsParams)",3.4651999999999363
32,128,conv4,_5x_cudnn_volta_scudnn_128x64_relu_small_nn_v1,82.5644
32,128,conv5,aten::cudnn_convolution,633.3697
32,128,conv5,Activity Buffer Request,63.274599999999985
32,128,conv5,"void cask__5x_cudnn::computeOffsetsKernel<false, false>(cask__5x_cudnn::ComputeOffsetsParams)",4.287899999999945
32,128,conv5,_5x_cudnn_volta_scudnn_128x64_relu_small_nn_v1,629.0818
32,128,conv6,aten::cudnn_convolution,854.4948000000002
32,128,conv6,Activity Buffer Request,85.57809999999999
32,128,conv6,volta_sgemm_64x64_nn,854.4948000000002
32,128,pool2,aten::mean,24.37009999999998
32,128,pool2,Activity Buffer Request,2.4894999999999983
32,128,pool2,"void at::native::reduce_kernel<512, 1, at::native::ReduceOp<float, at::native::MeanOps<float, float, float, float>, unsigned int, float, 4, 4> >(at::native::ReduceOp<float, at::native::MeanOps<float, float, float, float>, unsigned int, float, 4, 4>)",24.37009999999998
32,128,fc1,aten::addmm,38.437200000000075
32,128,fc1,Activity Buffer Request,4.028699999999981
32,128,fc1,volta_sgemm_128x32_tn,32.75420000000004
32,128,fc1,"void cublasLt::splitKreduce_kernel<32, 16, int, float, float, float, float, false, float, float, float, true, true, false>(cublasLt::cublasSplitKParams<float>, float const*, float const*, float*, float*, float const*, float const*, float const*, float const*, float*, void*, long, float*, int*, float*, float*, float const*, float const*, float const*, float const*, float const*)",5.683000000000038
32,128,relu,aten::clamp_min_,3.2798000000001593
32,128,relu,Activity Buffer Request,0.33920000000002803
32,128,relu,"void at::native::vectorized_elementwise_kernel<4, at::native::(anonymous namespace)::launch_clamp_scalar(at::TensorIteratorBase&, c10::Scalar, c10::Scalar, at::native::detail::ClampLimits)::{lambda()#1}::operator()() const::{lambda()#7}::operator()() const::{lambda(float)#1}, std::array<char*, 2ul> >(int, at::native::(anonymous namespace)::launch_clamp_scalar(at::TensorIteratorBase&, c10::Scalar, c10::Scalar, at::native::detail::ClampLimits)::{lambda()#1}::operator()() const::{lambda()#7}::operator()() const::{lambda(float)#1}, std::array<char*, 2ul>)",3.2798000000001593
32,128,fc2,aten::addmm,20.77339999999999
32,128,fc2,Activity Buffer Request,2.0958999999999945
32,128,fc2,volta_sgemm_32x128_tn,16.08269999999999
32,128,fc2,"void cublasLt::splitKreduce_kernel<32, 16, int, float, float, float, float, false, float, float, float, true, true, false>(cublasLt::cublasSplitKParams<float>, float const*, float const*, float*, float*, float const*, float const*, float const*, float const*, float*, void*, long, float*, int*, float*, float*, float const*, float const*, float const*, float const*, float const*)",4.690700000000004
32,256,conv1,aten::cudnn_convolution,2836.3341000000005
32,256,conv1,Activity Buffer Request,283.283
32,256,conv1,"void fft2d_r2c_32x32<float, false, 1u, true>(float2*, float const*, int, int, int, int, int, int, int, int, int, cudnn::reduced_divisor, bool, int2, int, int)",32.93980000000018
32,256,conv1,"void fft2d_r2c_32x32<float, false, 0u, false>(float2*, float const*, int, int, int, int, int, int, int, int, int, cudnn::reduced_divisor, bool, int2, int, int)",229.00039999999996
32,256,conv1,volta_gcgemm_32x32_nt,1208.1502999999998
32,256,conv1,"void fft2d_c2r_32x32<float, true, false, 0u, false, false>(float*, float2 const*, int, int, int, int, int, int, int, int, int, float, float, cudnn::reduced_divisor, bool, float*, float*, int2, cudnnActivationStruct, int, int)",1366.2436000000005
32,256,pool1,aten::max_pool2d_with_indices,108.54100000000001
32,256,pool1,Activity Buffer Request,10.6461
32,256,pool1,"void at::native::(anonymous namespace)::max_pool_forward_nchw<float, int>(int, float const*, long, long, long, int, int, int, int, int, int, int, int, int, int, float*, long*)",108.54100000000001
32,256,conv2,aten::cudnn_convolution,766.3412000000002
32,256,conv2,Activity Buffer Request,76.61499999999998
32,256,conv2,"void cask__5x_cudnn::computeOffsetsKernel<false, false>(cask__5x_cudnn::ComputeOffsetsParams)",4.27170000000001
32,256,conv2,_5x_cudnn_volta_scudnn_128x64_relu_small_nn_v1,762.0695000000002
32,256,conv3,aten::cudnn_convolution,309.206
32,256,conv3,Activity Buffer Request,30.89820000000002
32,256,conv3,"void cask__5x_cudnn::computeOffsetsKernel<false, false>(cask__5x_cudnn::ComputeOffsetsParams)",4.323099999999954
32,256,conv3,_5x_cudnn_volta_scudnn_128x64_relu_xregs_large_nn_v1,304.8829
32,256,conv4,aten::cudnn_convolution,152.06530000000012
32,256,conv4,Activity Buffer Request,15.321100000000012
32,256,conv4,"void cask__5x_cudnn::computeOffsetsKernel<false, false>(cask__5x_cudnn::ComputeOffsetsParams)",4.131200000000047
32,256,conv4,_5x_cudnn_volta_scudnn_128x64_relu_small_nn_v1,147.93410000000006
32,256,conv5,aten::cudnn_convolution,758.1546000000001
32,256,conv5,Activity Buffer Request,75.64860000000002
32,256,conv5,"void cask__5x_cudnn::computeOffsetsKernel<false, false>(cask__5x_cudnn::ComputeOffsetsParams)",4.294199999999944
32,256,conv5,_5x_cudnn_volta_scudnn_128x64_relu_small_nn_v1,753.8604000000001
32,256,conv6,aten::cudnn_convolution,1584.8278000000005
32,256,conv6,Activity Buffer Request,157.70329999999998
32,256,conv6,volta_sgemm_64x64_nn,1584.8278000000005
32,256,pool2,aten::mean,44.13640000000007
32,256,pool2,Activity Buffer Request,4.60150000000001
32,256,pool2,"void at::native::reduce_kernel<512, 1, at::native::ReduceOp<float, at::native::MeanOps<float, float, float, float>, unsigned int, float, 4, 4> >(at::native::ReduceOp<float, at::native::MeanOps<float, float, float, float>, unsigned int, float, 4, 4>)",44.13640000000007
32,256,fc1,aten::addmm,52.900800000000004
32,256,fc1,Activity Buffer Request,5.564600000000018
32,256,fc1,volta_sgemm_128x64_tn,44.123500000000035
32,256,fc1,"void cublasLt::splitKreduce_kernel<32, 16, int, float, float, float, float, false, float, float, float, true, true, false>(cublasLt::cublasSplitKParams<float>, float const*, float const*, float*, float*, float const*, float const*, float const*, float const*, float*, void*, long, float*, int*, float*, float*, float const*, float const*, float const*, float const*, float const*)",8.777299999999968
32,256,relu,aten::clamp_min_,3.8463000000000194
32,256,relu,Activity Buffer Request,0.3934999999999945
32,256,relu,"void at::native::vectorized_elementwise_kernel<4, at::native::(anonymous namespace)::launch_clamp_scalar(at::TensorIteratorBase&, c10::Scalar, c10::Scalar, at::native::detail::ClampLimits)::{lambda()#1}::operator()() const::{lambda()#7}::operator()() const::{lambda(float)#1}, std::array<char*, 2ul> >(int, at::native::(anonymous namespace)::launch_clamp_scalar(at::TensorIteratorBase&, c10::Scalar, c10::Scalar, at::native::detail::ClampLimits)::{lambda()#1}::operator()() const::{lambda()#7}::operator()() const::{lambda(float)#1}, std::array<char*, 2ul>)",3.8463000000000194
32,256,fc2,aten::addmm,25.8553
32,256,fc2,Activity Buffer Request,2.6464000000000056
32,256,fc2,volta_sgemm_32x128_tn,20.153099999999995
32,256,fc2,"void cublasLt::splitKreduce_kernel<32, 16, int, float, float, float, float, false, float, float, float, true, true, false>(cublasLt::cublasSplitKParams<float>, float const*, float const*, float*, float*, float const*, float const*, float const*, float const*, float*, void*, long, float*, int*, float*, float*, float const*, float const*, float const*, float const*, float const*)",5.702200000000005
64,1,conv1,aten::cudnn_convolution,24.72270000000001
64,1,conv1,Activity Buffer Request,2.5311000000000035
64,1,conv1,"void implicit_convolve_sgemm<float, float, 128, 5, 5, 3, 3, 3, 1, false, false, true>(int, int, int, float const*, int, float*, float const*, kernel_conv_params, unsigned long long, int, float, float, int, float const*, float const*, bool, bool, int, int)",24.72270000000001
64,1,pool1,aten::max_pool2d_with_indices,6.735800000000017
64,1,pool1,Activity Buffer Request,0.6750999999999976
64,1,pool1,"void at::native::(anonymous namespace)::max_pool_forward_nchw<float, int>(int, float const*, long, long, long, int, int, int, int, int, int, int, int, int, int, float*, long*)",6.735800000000017
64,1,conv2,aten::cudnn_convolution,183.3837999999999
64,1,conv2,Activity Buffer Request,18.412600000000065
64,1,conv2,"void fft2d_r2c_32x32<float, false, 5u, true>(float2*, float const*, int, int, int, int, int, int, int, int, int, cudnn::reduced_divisor, bool, int2, int, int)",84.9337
64,1,conv2,"void fft2d_r2c_32x32<float, false, 1u, false>(float2*, float const*, int, int, int, int, int, int, int, int, int, cudnn::reduced_divisor, bool, int2, int, int)",27.8299
64,1,conv2,"void gemv2N_kernel<int, int, float2, float2, float2, float2, 128, 2, 4, 4, 1, false, cublasGemvParamsEx<int, cublasGemvTensorStridedBatched<float2 const>, cublasGemvTensorStridedBatched<float2 const>, cublasGemvTensorStridedBatched<float2>, float2> >(cublasGemvParamsEx<int, cublasGemvTensorStridedBatched<float2 const>, cublasGemvTensorStridedBatched<float2 const>, cublasGemvTensorStridedBatched<float2>, float2>)",47.545100000000005
64,1,conv2,"void fft2d_c2r_32x32<float, false, false, 1u, false, false>(float*, float2 const*, int, int, int, int, int, int, int, int, int, float, float, cudnn::reduced_divisor, bool, float*, float*, int2, cudnnActivationStruct, int, int)",23.075099999999885
64,1,conv3,aten::cudnn_convolution,73.6867
64,1,conv3,Activity Buffer Request,7.743700000000001
64,1,conv3,"void implicit_convolve_sgemm<float, float, 128, 5, 5, 3, 3, 3, 1, false, false, true>(int, int, int, float const*, int, float*, float const*, kernel_conv_params, unsigned long long, int, float, float, int, float const*, float const*, bool, bool, int, int)",73.6867
64,1,conv4,aten::cudnn_convolution,13.407699999999931
64,1,conv4,Activity Buffer Request,1.3567000000000007
64,1,conv4,volta_sgemm_32x32_sliced1x4_nn,13.407699999999931
64,1,conv5,aten::cudnn_convolution,277.0848
64,1,conv5,Activity Buffer Request,29.032600000000002
64,1,conv5,"void implicit_convolve_sgemm<float, float, 128, 5, 5, 3, 3, 3, 1, false, false, true>(int, int, int, float const*, int, float*, float const*, kernel_conv_params, unsigned long long, int, float, float, int, float const*, float const*, bool, bool, int, int)",277.0848
64,1,conv6,aten::cudnn_convolution,19.074600000000054
64,1,conv6,Activity Buffer Request,2.070299999999952
64,1,conv6,volta_sgemm_32x128_nn,15.365800000000036
64,1,conv6,"void cublasLt::splitKreduce_kernel<32, 16, int, float, float, float, float, false, float, float, float, true, false, false>(cublasLt::cublasSplitKParams<float>, float const*, float const*, float*, float*, float const*, float const*, float const*, float const*, float*, void*, long, float*, int*, float*, float*, float const*, float const*, float const*, float const*, float const*)",3.708800000000019
64,1,pool2,aten::mean,5.660699999999986
64,1,pool2,Activity Buffer Request,0.579200000000003
64,1,pool2,"void at::native::reduce_kernel<512, 1, at::native::ReduceOp<float, at::native::MeanOps<float, float, float, float>, unsigned int, float, 4, 4> >(at::native::ReduceOp<float, at::native::MeanOps<float, float, float, float>, unsigned int, float, 4, 4>)",5.660699999999986
64,1,fc1,aten::addmm,6.325900000000002
64,1,fc1,Activity Buffer Request,0.611200000000008
64,1,fc1,"std::enable_if<!(false), void>::type internal::gemvx::kernel<int, int, float, float, float, float, false, true, true, false, 7, false, cublasGemvParamsEx<int, cublasGemvTensorStridedBatched<float const>, cublasGemvTensorStridedBatched<float const>, cublasGemvTensorStridedBatched<float>, float> >(cublasGemvParamsEx<int, cublasGemvTensorStridedBatched<float const>, cublasGemvTensorStridedBatched<float const>, cublasGemvTensorStridedBatched<float>, float>)",6.325900000000002
64,1,relu,aten::clamp_min_,3.19350000000004
64,1,relu,Activity Buffer Request,0.3231999999999971
64,1,relu,"void at::native::vectorized_elementwise_kernel<4, at::native::(anonymous namespace)::launch_clamp_scalar(at::TensorIteratorBase&, c10::Scalar, c10::Scalar, at::native::detail::ClampLimits)::{lambda()#1}::operator()() const::{lambda()#7}::operator()() const::{lambda(float)#1}, std::array<char*, 2ul> >(int, at::native::(anonymous namespace)::launch_clamp_scalar(at::TensorIteratorBase&, c10::Scalar, c10::Scalar, at::native::detail::ClampLimits)::{lambda()#1}::operator()() const::{lambda()#7}::operator()() const::{lambda(float)#1}, std::array<char*, 2ul>)",3.19350000000004
64,1,fc2,aten::addmm,6.511599999999999
64,1,fc2,Activity Buffer Request,0.643100000000004
64,1,fc2,"std::enable_if<!(false), void>::type internal::gemvx::kernel<int, int, float, float, float, float, false, true, true, false, 7, false, cublasGemvParamsEx<int, cublasGemvTensorStridedBatched<float const>, cublasGemvTensorStridedBatched<float const>, cublasGemvTensorStridedBatched<float>, float> >(cublasGemvParamsEx<int, cublasGemvTensorStridedBatched<float const>, cublasGemvTensorStridedBatched<float const>, cublasGemvTensorStridedBatched<float>, float>)",6.511599999999999
64,8,conv1,aten::cudnn_convolution,67.40589999999997
64,8,conv1,Activity Buffer Request,6.783799999999997
64,8,conv1,"void cask__5x_cudnn::computeOffsetsKernel<false, false>(cask__5x_cudnn::ComputeOffsetsParams)",3.503899999999976
64,8,conv1,_5x_cudnn_volta_scudnn_128x32_relu_medium_nn_v1,63.902
64,8,pool1,aten::max_pool2d_with_indices,15.63470000000001
64,8,pool1,Activity Buffer Request,1.6927999999999996
64,8,pool1,"void at::native::(anonymous namespace)::max_pool_forward_nchw<float, int>(int, float const*, long, long, long, int, int, int, int, int, int, int, int, int, int, float*, long*)",15.63470000000001
64,8,conv2,aten::cudnn_convolution,128.7514999999999
64,8,conv2,Activity Buffer Request,13.199700000000018
64,8,conv2,"void cudnn::engines_precompiled::nchwToNhwcKernel<float, float, float, false, true, (cudnnKernelDataType_t)0>(cudnn::engines_precompiled::nchw2nhwc_params_t<float>, float const*, float*)",10.42529999999989
64,8,conv2,"void cask__5x_cudnn::computeOffsetsKernel<false, false>(cask__5x_cudnn::ComputeOffsetsParams)",3.4718000000000186
64,8,conv2,_5x_cudnn_volta_scudnn_128x32_sliced1x4_ldg4_relu_exp_medium_nhwc_tn_v1,109.04659999999998
64,8,conv2,"void cudnn::engines_precompiled::nhwcToNchwKernel<float, float, float, true, false, (cudnnKernelDataType_t)0>(cudnn::engines_precompiled::nhwc2nchw_params_t<float>, float const*, float*)",5.807799999999998
64,8,conv3,aten::cudnn_convolution,158.74060000000014
64,8,conv3,Activity Buffer Request,15.957900000000006
64,8,conv3,"void cask__5x_cudnn::computeOffsetsKernel<false, false>(cask__5x_cudnn::ComputeOffsetsParams)",3.4048000000000798
64,8,conv3,_5x_cudnn_volta_scudnn_128x64_relu_small_nn_v1,155.33580000000003
64,8,conv4,aten::cudnn_convolution,50.27309999999996
64,8,conv4,Activity Buffer Request,5.074999999999977
64,8,conv4,"void cask__5x_cudnn::computeOffsetsKernel<false, false>(cask__5x_cudnn::ComputeOffsetsParams)",3.321499999999992
64,8,conv4,_5x_cudnn_volta_scudnn_128x64_relu_small_nn_v1,46.951599999999964
64,8,conv5,aten::cudnn_convolution,337.29689999999994
64,8,conv5,Activity Buffer Request,33.71949999999998
64,8,conv5,"void cudnn::engines_precompiled::nchwToNhwcKernel<float, float, float, false, true, (cudnnKernelDataType_t)0>(cudnn::engines_precompiled::nchw2nhwc_params_t<float>, float const*, float*)",49.89489999999999
64,8,conv5,"void cask__5x_cudnn::computeOffsetsKernel<false, false>(cask__5x_cudnn::ComputeOffsetsParams)",4.152999999999918
64,8,conv5,_5x_cudnn_volta_scudnn_128x32_sliced1x4_ldg4_relu_exp_medium_nhwc_tn_v1,278.99979999999994
64,8,conv5,"void cudnn::engines_precompiled::nhwcToNchwKernel<float, float, float, true, false, (cudnnKernelDataType_t)0>(cudnn::engines_precompiled::nhwc2nchw_params_t<float>, float const*, float*)",4.249200000000019
64,8,conv6,aten::cudnn_convolution,49.45139999999996
64,8,conv6,Activity Buffer Request,5.014300000000003
64,8,conv6,"void cudnn::cnn::kern_precompute_indices<false>(int*, int, int, int, int, int)",2.9566999999999894
64,8,conv6,"void precomputed_convolve_sgemm<float, 1024, 5, 5, 4, 3, 3, 1, false>(int, int, int, float const*, int, float*, float const*, kernel_conv_params, unsigned long long, int, float, float, int, bool, bool, float const*, float const*, int*)",46.494699999999966
64,8,pool2,aten::mean,9.609300000000053
64,8,pool2,Activity Buffer Request,0.9888000000000148
64,8,pool2,"void at::native::reduce_kernel<512, 1, at::native::ReduceOp<float, at::native::MeanOps<float, float, float, float>, unsigned int, float, 4, 4> >(at::native::ReduceOp<float, at::native::MeanOps<float, float, float, float>, unsigned int, float, 4, 4>)",9.609300000000053
64,8,fc1,aten::addmm,13.468499999999972
64,8,fc1,Activity Buffer Request,1.32800000000002
64,8,fc1,"void gemmSN_TN_kernel<float, 128, 16, 2, 4, 8, 9, false, cublasGemvTensorStridedBatched<float const>, cublasGemvTensorStridedBatched<float const>, cublasGemvTensorStridedBatched<float> >(cublasGemmSmallNParams<cublasGemvTensorStridedBatched<float const>, cublasGemvTensorStridedBatched<float const>, cublasGemvTensorStridedBatched<float>, float>)",13.468499999999972
64,8,relu,aten::clamp_min_,2.979000000000019
64,8,relu,Activity Buffer Request,0.2976000000000113
64,8,relu,"void at::native::vectorized_elementwise_kernel<4, at::native::(anonymous namespace)::launch_clamp_scalar(at::TensorIteratorBase&, c10::Scalar, c10::Scalar, at::native::detail::ClampLimits)::{lambda()#1}::operator()() const::{lambda()#7}::operator()() const::{lambda(float)#1}, std::array<char*, 2ul> >(int, at::native::(anonymous namespace)::launch_clamp_scalar(at::TensorIteratorBase&, c10::Scalar, c10::Scalar, at::native::detail::ClampLimits)::{lambda()#1}::operator()() const::{lambda()#7}::operator()() const::{lambda(float)#1}, std::array<char*, 2ul>)",2.979000000000019
64,8,fc2,aten::addmm,8.037999999999965
64,8,fc2,Activity Buffer Request,0.8063999999999965
64,8,fc2,"void gemmSN_TN_kernel<float, 128, 16, 2, 4, 8, 9, false, cublasGemvTensorStridedBatched<float const>, cublasGemvTensorStridedBatched<float const>, cublasGemvTensorStridedBatched<float> >(cublasGemmSmallNParams<cublasGemvTensorStridedBatched<float const>, cublasGemvTensorStridedBatched<float const>, cublasGemvTensorStridedBatched<float>, float>)",8.037999999999965
64,64,conv1,aten::cudnn_convolution,320.9363000000001
64,64,conv1,Activity Buffer Request,32.07249999999999
64,64,conv1,"void cask__5x_cudnn::computeOffsetsKernel<false, false>(cask__5x_cudnn::ComputeOffsetsParams)",4.1245
64,64,conv1,_5x_cudnn_volta_scudnn_128x32_relu_medium_nn_v1,316.81180000000006
64,64,pool1,aten::max_pool2d_with_indices,101.8341
64,64,pool1,Activity Buffer Request,10.07650000000001
64,64,pool1,"void at::native::(anonymous namespace)::max_pool_forward_nchw<float, int>(int, float const*, long, long, long, int, int, int, int, int, int, int, int, int, int, float*, long*)",101.8341
64,64,conv2,aten::cudnn_convolution,728.7406999999998
64,64,conv2,Activity Buffer Request,72.7816
64,64,conv2,"void cask__5x_cudnn::computeOffsetsKernel<false, false>(cask__5x_cudnn::ComputeOffsetsParams)",4.066999999999894
64,64,conv2,_5x_cudnn_volta_scudnn_128x64_relu_small_nn_v1,724.6736999999998
64,64,conv3,aten::cudnn_convolution,290.2339999999999
64,64,conv3,Activity Buffer Request,29.048700000000007
64,64,conv3,"void cask__5x_cudnn::computeOffsetsKernel<false, false>(cask__5x_cudnn::ComputeOffsetsParams)",4.140700000000004
64,64,conv3,_5x_cudnn_volta_scudnn_128x64_relu_xregs_large_nn_v1,286.0932999999999
64,64,conv4,aten::cudnn_convolution,142.33709999999996
64,64,conv4,Activity Buffer Request,14.361099999999999
64,64,conv4,"void cask__5x_cudnn::computeOffsetsKernel<false, false>(cask__5x_cudnn::ComputeOffsetsParams)",3.9551000000000274
64,64,conv4,_5x_cudnn_volta_scudnn_128x64_relu_small_nn_v1,138.38199999999992
64,64,conv5,aten::cudnn_convolution,603.5302999999998
64,64,conv5,Activity Buffer Request,60.31179999999999
64,64,conv5,"void cask__5x_cudnn::computeOffsetsKernel<false, false>(cask__5x_cudnn::ComputeOffsetsParams)",4.1886999999998356
64,64,conv5,_5x_cudnn_volta_scudnn_128x64_relu_small_nn_v1,599.3416
64,64,conv6,aten::cudnn_convolution,129.3200000000001
64,64,conv6,Activity Buffer Request,12.988300000000004
64,64,conv6,"void cask__5x_cudnn::computeOffsetsKernel<false, false>(cask__5x_cudnn::ComputeOffsetsParams)",3.3567000000000236
64,64,conv6,_5x_cudnn_volta_scudnn_128x128_relu_medium_nn_v1,125.96330000000007
64,64,pool2,aten::mean,45.553700000000006
64,64,pool2,Activity Buffer Request,4.8639000000000125
64,64,pool2,"void at::native::reduce_kernel<512, 1, at::native::ReduceOp<float, at::native::MeanOps<float, float, float, float>, unsigned int, float, 4, 4> >(at::native::ReduceOp<float, at::native::MeanOps<float, float, float, float>, unsigned int, float, 4, 4>)",45.553700000000006
64,64,fc1,aten::addmm,27.467799999999944
64,64,fc1,Activity Buffer Request,2.8702999999999976
64,64,fc1,volta_sgemm_64x32_sliced1x4_tn,22.453700000000005
64,64,fc1,"void cublasLt::splitKreduce_kernel<32, 16, int, float, float, float, float, false, float, float, float, true, true, false>(cublasLt::cublasSplitKParams<float>, float const*, float const*, float*, float*, float const*, float const*, float const*, float const*, float*, void*, long, float*, int*, float*, float*, float const*, float const*, float const*, float const*, float const*)",5.01409999999994
64,64,relu,aten::clamp_min_,3.052599999999984
64,64,relu,Activity Buffer Request,0.3039999999999964
64,64,relu,"void at::native::vectorized_elementwise_kernel<4, at::native::(anonymous namespace)::launch_clamp_scalar(at::TensorIteratorBase&, c10::Scalar, c10::Scalar, at::native::detail::ClampLimits)::{lambda()#1}::operator()() const::{lambda()#7}::operator()() const::{lambda(float)#1}, std::array<char*, 2ul> >(int, at::native::(anonymous namespace)::launch_clamp_scalar(at::TensorIteratorBase&, c10::Scalar, c10::Scalar, at::native::detail::ClampLimits)::{lambda()#1}::operator()() const::{lambda()#7}::operator()() const::{lambda(float)#1}, std::array<char*, 2ul>)",3.052599999999984
64,64,fc2,aten::addmm,20.6778
64,64,fc2,Activity Buffer Request,2.070399999999995
64,64,fc2,volta_sgemm_32x32_sliced1x4_tn,20.6778
64,111,conv1,aten::cudnn_convolution,3285.5811999999946
64,111,conv1,Activity Buffer Request,324.88779999999997
64,111,conv1,"void fft2d_r2c_32x32<float, false, 1u, true>(float2*, float const*, int, int, int, int, int, int, int, int, int, cudnn::reduced_divisor, bool, int2, int, int)",26.280699999999776
64,111,conv1,"void fft2d_r2c_32x32<float, false, 0u, false>(float2*, float const*, int, int, int, int, int, int, int, int, int, cudnn::reduced_divisor, bool, int2, int, int)",342.64689999999825
64,111,conv1,volta_gcgemm_32x32_nt,1371.133199999999
64,111,conv1,"void fft2d_c2r_32x32<float, true, false, 0u, false, false>(float*, float2 const*, int, int, int, int, int, int, int, int, int, float, float, cudnn::reduced_divisor, bool, float*, float*, int2, cudnnActivationStruct, int, int)",1545.520399999998
64,111,pool1,aten::max_pool2d_with_indices,172.56000000000003
64,111,pool1,Activity Buffer Request,17.196199999999997
64,111,pool1,"void at::native::(anonymous namespace)::max_pool_forward_nchw<float, int>(int, float const*, long, long, long, int, int, int, int, int, int, int, int, int, int, float*, long*)",172.56000000000003
64,111,conv2,aten::cudnn_convolution,1078.0276
64,111,conv2,Activity Buffer Request,107.702
64,111,conv2,"void cask__5x_cudnn::computeOffsetsKernel<false, false>(cask__5x_cudnn::ComputeOffsetsParams)",4.070299999999747
64,111,conv2,_5x_cudnn_volta_scudnn_128x64_relu_small_nn_v1,1073.9573
64,111,conv3,aten::cudnn_convolution,421.4171000000001
64,111,conv3,Activity Buffer Request,41.99860000000001
64,111,conv3,"void cask__5x_cudnn::computeOffsetsKernel<false, false>(cask__5x_cudnn::ComputeOffsetsParams)",4.159800000000018
64,111,conv3,_5x_cudnn_volta_scudnn_128x64_relu_xregs_large_nn_v1,417.25730000000004
64,111,conv4,aten::cudnn_convolution,206.53590000000003
64,111,conv4,Activity Buffer Request,20.565499999999997
64,111,conv4,"void cask__5x_cudnn::computeOffsetsKernel<false, false>(cask__5x_cudnn::ComputeOffsetsParams)",3.9934999999999947
64,111,conv4,_5x_cudnn_volta_scudnn_128x64_relu_small_nn_v1,202.54240000000004
64,111,conv5,aten::cudnn_convolution,1075.3169000000003
64,111,conv5,Activity Buffer Request,107.53009999999999
64,111,conv5,"void cask__5x_cudnn::computeOffsetsKernel<false, false>(cask__5x_cudnn::ComputeOffsetsParams)",4.188600000000179
64,111,conv5,_5x_cudnn_volta_scudnn_128x64_relu_small_nn_v1,1071.1282999999999
64,111,conv6,aten::cudnn_convolution,241.29480000000007
64,111,conv6,Activity Buffer Request,24.127199999999995
64,111,conv6,"void cask__5x_cudnn::computeOffsetsKernel<false, false>(cask__5x_cudnn::ComputeOffsetsParams)",4.0510000000000215
64,111,conv6,_5x_cudnn_volta_scudnn_128x128_relu_medium_nn_v1,237.24380000000002
64,111,pool2,aten::mean,77.03199999999997
64,111,pool2,Activity Buffer Request,7.869000000000005
64,111,pool2,"void at::native::reduce_kernel<512, 1, at::native::ReduceOp<float, at::native::MeanOps<float, float, float, float>, unsigned int, float, 4, 4> >(at::native::ReduceOp<float, at::native::MeanOps<float, float, float, float>, unsigned int, float, 4, 4>)",77.03199999999997
64,111,fc1,aten::addmm,36.84329999999998
64,111,fc1,Activity Buffer Request,3.8429999999999835
64,111,fc1,volta_sgemm_128x32_tn,31.21779999999999
64,111,fc1,"void cublasLt::splitKreduce_kernel<32, 16, int, float, float, float, float, false, float, float, float, true, true, false>(cublasLt::cublasSplitKParams<float>, float const*, float const*, float*, float*, float const*, float const*, float const*, float const*, float*, void*, long, float*, int*, float*, float*, float const*, float const*, float const*, float const*, float const*)",5.625499999999988
64,111,relu,aten::clamp_min_,3.539099999999985
64,111,relu,Activity Buffer Request,0.3647999999999911
64,111,relu,"void at::native::vectorized_elementwise_kernel<4, at::native::(anonymous namespace)::launch_clamp_scalar(at::TensorIteratorBase&, c10::Scalar, c10::Scalar, at::native::detail::ClampLimits)::{lambda()#1}::operator()() const::{lambda()#7}::operator()() const::{lambda(float)#1}, std::array<char*, 2ul> >(int, at::native::(anonymous namespace)::launch_clamp_scalar(at::TensorIteratorBase&, c10::Scalar, c10::Scalar, at::native::detail::ClampLimits)::{lambda()#1}::operator()() const::{lambda()#7}::operator()() const::{lambda(float)#1}, std::array<char*, 2ul>)",3.539099999999985
64,111,fc2,aten::addmm,19.698500000000035
64,111,fc2,Activity Buffer Request,1.9838999999999942
64,111,fc2,volta_sgemm_128x32_tn,15.103500000000007
64,111,fc2,"void cublasLt::splitKreduce_kernel<32, 16, int, float, float, float, float, false, float, float, float, true, true, false>(cublasLt::cublasSplitKParams<float>, float const*, float const*, float*, float*, float const*, float const*, float const*, float const*, float*, void*, long, float*, int*, float*, float*, float const*, float const*, float const*, float const*, float const*)",4.595000000000027
64,128,conv1,aten::cudnn_convolution,3541.460399999999
64,128,conv1,Activity Buffer Request,330.2225
64,128,conv1,"void fft2d_r2c_32x32<float, false, 1u, true>(float2*, float const*, int, int, int, int, int, int, int, int, int, cudnn::reduced_divisor, bool, int2, int, int)",29.256499999999892
64,128,conv1,"void fft2d_r2c_32x32<float, false, 0u, false>(float2*, float const*, int, int, int, int, int, int, int, int, int, cudnn::reduced_divisor, bool, int2, int, int)",322.0972000000005
64,128,conv1,volta_gcgemm_32x32_nt,1384.6797999999994
64,128,conv1,"void fft2d_c2r_32x32<float, true, false, 0u, false, false>(float*, float2 const*, int, int, int, int, int, int, int, int, int, float, float, cudnn::reduced_divisor, bool, float*, float*, int2, cudnnActivationStruct, int, int)",1805.4268999999993
64,128,pool1,aten::max_pool2d_with_indices,165.82760000000002
64,128,pool1,Activity Buffer Request,16.431400000000007
64,128,pool1,"void at::native::(anonymous namespace)::max_pool_forward_nchw<float, int>(int, float const*, long, long, long, int, int, int, int, int, int, int, int, int, int, float*, long*)",165.82760000000002
64,128,conv2,aten::cudnn_convolution,974.6772000000003
64,128,conv2,Activity Buffer Request,97.52949999999998
64,128,conv2,"void cask__5x_cudnn::computeOffsetsKernel<false, false>(cask__5x_cudnn::ComputeOffsetsParams)",3.5359000000000607
64,128,conv2,_5x_cudnn_volta_scudnn_128x64_relu_small_nn_v1,971.1413000000002
64,128,conv3,aten::cudnn_convolution,438.6862
64,128,conv3,Activity Buffer Request,44.05930000000001
64,128,conv3,"void cask__5x_cudnn::computeOffsetsKernel<false, false>(cask__5x_cudnn::ComputeOffsetsParams)",3.5743999999999003
64,128,conv3,_5x_cudnn_volta_scudnn_128x64_relu_xregs_large_nn_v1,435.11180000000013
64,128,conv4,aten::cudnn_convolution,186.59589999999992
64,128,conv4,Activity Buffer Request,18.652200000000015
64,128,conv4,"void cask__5x_cudnn::computeOffsetsKernel<false, false>(cask__5x_cudnn::ComputeOffsetsParams)",3.555099999999925
64,128,conv4,_5x_cudnn_volta_scudnn_128x64_relu_small_nn_v1,183.0408
64,128,conv5,aten::cudnn_convolution,854.6473000000002
64,128,conv5,Activity Buffer Request,85.53960000000002
64,128,conv5,"void cask__5x_cudnn::computeOffsetsKernel<false, false>(cask__5x_cudnn::ComputeOffsetsParams)",3.58390000000004
64,128,conv5,_5x_cudnn_volta_scudnn_128x64_relu_xregs_large_nn_v1,851.0634000000002
64,128,conv6,aten::cudnn_convolution,192.45140000000004
64,128,conv6,Activity Buffer Request,19.253799999999977
64,128,conv6,"void cask__5x_cudnn::computeOffsetsKernel<false, false>(cask__5x_cudnn::ComputeOffsetsParams)",3.5263000000000373
64,128,conv6,_5x_cudnn_volta_scudnn_128x128_relu_medium_nn_v1,188.9251
64,128,pool2,aten::mean,71.85370000000003
64,128,pool2,Activity Buffer Request,7.113400000000001
64,128,pool2,"void at::native::reduce_kernel<512, 1, at::native::ReduceOp<float, at::native::MeanOps<float, float, float, float>, unsigned int, float, 4, 4> >(at::native::ReduceOp<float, at::native::MeanOps<float, float, float, float>, unsigned int, float, 4, 4>)",71.85370000000003
64,128,fc1,aten::addmm,29.304500000000008
64,128,fc1,Activity Buffer Request,3.26389999999999
64,128,fc1,volta_sgemm_128x32_tn,24.767100000000017
64,128,fc1,"void cublasLt::splitKreduce_kernel<32, 16, int, float, float, float, float, false, float, float, float, true, true, false>(cublasLt::cublasSplitKParams<float>, float const*, float const*, float*, float*, float const*, float const*, float const*, float const*, float*, void*, long, float*, int*, float*, float*, float const*, float const*, float const*, float const*, float const*)",4.537399999999991
64,128,relu,aten::clamp_min_,2.7070000000000163
64,128,relu,Activity Buffer Request,0.2880000000000109
64,128,relu,"void at::native::vectorized_elementwise_kernel<4, at::native::(anonymous namespace)::launch_clamp_scalar(at::TensorIteratorBase&, c10::Scalar, c10::Scalar, at::native::detail::ClampLimits)::{lambda()#1}::operator()() const::{lambda()#7}::operator()() const::{lambda(float)#1}, std::array<char*, 2ul> >(int, at::native::(anonymous namespace)::launch_clamp_scalar(at::TensorIteratorBase&, c10::Scalar, c10::Scalar, at::native::detail::ClampLimits)::{lambda()#1}::operator()() const::{lambda()#7}::operator()() const::{lambda(float)#1}, std::array<char*, 2ul>)",2.7070000000000163
64,128,fc2,aten::addmm,16.139999999999965
64,128,fc2,Activity Buffer Request,1.6254999999999882
64,128,fc2,volta_sgemm_32x128_tn,12.357799999999974
64,128,fc2,"void cublasLt::splitKreduce_kernel<32, 16, int, float, float, float, float, false, float, float, float, true, true, false>(cublasLt::cublasSplitKParams<float>, float const*, float const*, float*, float*, float const*, float const*, float const*, float const*, float*, void*, long, float*, int*, float*, float*, float const*, float const*, float const*, float const*, float const*)",3.782199999999989
64,256,conv1,aten::cudnn_convolution,5743.285499999999
64,256,conv1,Activity Buffer Request,596.3993000000002
64,256,conv1,"void fft2d_r2c_32x32<float, false, 1u, true>(float2*, float const*, int, int, int, int, int, int, int, int, int, cudnn::reduced_divisor, bool, int2, int, int)",24.764000000000852
64,256,conv1,"void fft2d_r2c_32x32<float, false, 0u, false>(float2*, float const*, int, int, int, int, int, int, int, int, int, cudnn::reduced_divisor, bool, int2, int, int)",501.90279999999984
64,256,conv1,volta_gcgemm_32x32_nt,2067.5328000000018
64,256,conv1,"void fft2d_c2r_32x32<float, true, false, 0u, false, false>(float*, float2 const*, int, int, int, int, int, int, int, int, int, float, float, cudnn::reduced_divisor, bool, float*, float*, int2, cudnnActivationStruct, int, int)",3149.0858999999964
64,256,pool1,aten::max_pool2d_with_indices,321.3695
64,256,pool1,Activity Buffer Request,31.88710000000001
64,256,pool1,"void at::native::(anonymous namespace)::max_pool_forward_nchw<float, int>(int, float const*, long, long, long, int, int, int, int, int, int, int, int, int, int, float*, long*)",321.3695
64,256,conv2,aten::cudnn_convolution,1255.1543999999997
64,256,conv2,Activity Buffer Request,125.4037
64,256,conv2,"void cudnn::winograd_nonfused::winogradForwardData9x9_5x5<float, float>(cudnn::winograd_nonfused::WinogradDataParams<float, float>)",397.9609999999999
64,256,conv2,"void cudnn::winograd_nonfused::winogradForwardFilter9x9_5x5<float, float>(cudnn::winograd_nonfused::WinogradFilterParams<float, float>)",10.188199999999892
64,256,conv2,volta_sgemm_128x64_nn,313.8231999999999
64,256,conv2,"void cudnn::winograd_nonfused::winogradForwardOutput9x9_5x5<float, float>(cudnn::winograd_nonfused::WinogradOutputParams<float, float>)",533.182
64,256,conv3,aten::cudnn_convolution,664.5303999999996
64,256,conv3,Activity Buffer Request,66.59289999999999
64,256,conv3,"void cask__5x_cudnn::computeOffsetsKernel<false, false>(cask__5x_cudnn::ComputeOffsetsParams)",3.3501999999998815
64,256,conv3,_5x_cudnn_volta_scudnn_128x64_relu_xregs_large_nn_v1,661.1801999999998
64,256,conv4,aten::cudnn_convolution,309.33249999999987
64,256,conv4,Activity Buffer Request,31.03249999999998
64,256,conv4,"void cask__5x_cudnn::computeOffsetsKernel<false, false>(cask__5x_cudnn::ComputeOffsetsParams)",3.2446999999999435
64,256,conv4,_5x_cudnn_volta_scudnn_128x64_relu_small_nn_v1,306.08779999999996
64,256,conv5,aten::cudnn_convolution,1508.8899999999999
64,256,conv5,Activity Buffer Request,150.78209999999999
64,256,conv5,"void cask__5x_cudnn::computeOffsetsKernel<false, false>(cask__5x_cudnn::ComputeOffsetsParams)",3.38870000000004
64,256,conv5,_5x_cudnn_volta_scudnn_128x64_relu_xregs_large_nn_v1,1505.5012999999997
64,256,conv6,aten::cudnn_convolution,322.3090999999999
64,256,conv6,Activity Buffer Request,32.05020000000002
64,256,conv6,"void cask__5x_cudnn::computeOffsetsKernel<false, false>(cask__5x_cudnn::ComputeOffsetsParams)",3.247499999999968
64,256,conv6,_5x_cudnn_volta_scudnn_128x128_relu_medium_nn_v1,319.06159999999994
64,256,pool2,aten::mean,124.03310000000008
64,256,pool2,Activity Buffer Request,12.2529
64,256,pool2,"void at::native::reduce_kernel<512, 1, at::native::ReduceOp<float, at::native::MeanOps<float, float, float, float>, unsigned int, float, 4, 4> >(at::native::ReduceOp<float, at::native::MeanOps<float, float, float, float>, unsigned int, float, 4, 4>)",124.03310000000008
64,256,fc1,aten::addmm,36.63849999999995
64,256,fc1,Activity Buffer Request,3.775800000000004
64,256,fc1,volta_sgemm_128x64_tn,30.22909999999997
64,256,fc1,"void cublasLt::splitKreduce_kernel<32, 16, int, float, float, float, float, false, float, float, float, true, true, false>(cublasLt::cublasSplitKParams<float>, float const*, float const*, float*, float*, float const*, float const*, float const*, float const*, float*, void*, long, float*, int*, float*, float*, float const*, float const*, float const*, float const*, float const*)",6.409399999999982
64,256,relu,aten::clamp_min_,2.924700000000007
64,256,relu,Activity Buffer Request,0.29759999999998854
64,256,relu,"void at::native::vectorized_elementwise_kernel<4, at::native::(anonymous namespace)::launch_clamp_scalar(at::TensorIteratorBase&, c10::Scalar, c10::Scalar, at::native::detail::ClampLimits)::{lambda()#1}::operator()() const::{lambda()#7}::operator()() const::{lambda(float)#1}, std::array<char*, 2ul> >(int, at::native::(anonymous namespace)::launch_clamp_scalar(at::TensorIteratorBase&, c10::Scalar, c10::Scalar, at::native::detail::ClampLimits)::{lambda()#1}::operator()() const::{lambda()#7}::operator()() const::{lambda(float)#1}, std::array<char*, 2ul>)",2.924700000000007
64,256,fc2,aten::addmm,17.976700000000005
64,256,fc2,Activity Buffer Request,1.8750999999999975
64,256,fc2,volta_sgemm_32x128_tn,13.816999999999984
64,256,fc2,"void cublasLt::splitKreduce_kernel<32, 16, int, float, float, float, float, false, float, float, float, true, true, false>(cublasLt::cublasSplitKParams<float>, float const*, float const*, float*, float*, float const*, float const*, float const*, float const*, float*, void*, long, float*, int*, float*, float*, float const*, float const*, float const*, float const*, float const*)",4.15970000000002
128,1,conv1,aten::cudnn_convolution,37.06079999999999
128,1,conv1,Activity Buffer Request,4.230199999999991
128,1,conv1,"void cask__5x_cudnn::computeOffsetsKernel<false, false>(cask__5x_cudnn::ComputeOffsetsParams)",2.65569999999999
128,1,conv1,_5x_cudnn_volta_scudnn_128x32_relu_medium_nn_v1,34.405100000000004
128,1,pool1,aten::max_pool2d_with_indices,7.238599999999986
128,1,pool1,Activity Buffer Request,0.7105000000000018
128,1,pool1,"void at::native::(anonymous namespace)::max_pool_forward_nchw<float, int>(int, float const*, long, long, long, int, int, int, int, int, int, int, int, int, int, float*, long*)",7.238599999999986
128,1,conv2,aten::cudnn_convolution,428.5334999999997
128,1,conv2,Activity Buffer Request,43.784200000000034
128,1,conv2,"void fft2d_r2c_32x32<float, false, 5u, true>(float2*, float const*, int, int, int, int, int, int, int, int, int, cudnn::reduced_divisor, bool, int2, int, int)",61.42850000000008
128,1,conv2,"void fft2d_r2c_32x32<float, false, 0u, false>(float2*, float const*, int, int, int, int, int, int, int, int, int, cudnn::reduced_divisor, bool, int2, int, int)",78.47429999999994
128,1,conv2,"void gemv2N_kernel<int, int, float2, float2, float2, float2, 128, 2, 4, 4, 1, false, cublasGemvParamsEx<int, cublasGemvTensorStridedBatched<float2 const>, cublasGemvTensorStridedBatched<float2 const>, cublasGemvTensorStridedBatched<float2>, float2> >(cublasGemvParamsEx<int, cublasGemvTensorStridedBatched<float2 const>, cublasGemvTensorStridedBatched<float2 const>, cublasGemvTensorStridedBatched<float2>, float2>)",204.3288999999998
128,1,conv2,"void fft2d_c2r_32x32<float, false, false, 0u, false, false>(float*, float2 const*, int, int, int, int, int, int, int, int, int, float, float, cudnn::reduced_divisor, bool, float*, float*, int2, cudnnActivationStruct, int, int)",84.30179999999987
128,1,conv3,aten::cudnn_convolution,52.353199999999994
128,1,conv3,Activity Buffer Request,5.983799999999997
128,1,conv3,"void implicit_convolve_sgemm<float, float, 128, 5, 5, 3, 3, 3, 1, false, false, true>(int, int, int, float const*, int, float*, float const*, kernel_conv_params, unsigned long long, int, float, float, int, float const*, float const*, bool, bool, int, int)",52.353199999999994
128,1,conv4,aten::cudnn_convolution,14.837700000000018
128,1,conv4,Activity Buffer Request,1.4783000000000128
128,1,conv4,volta_sgemm_32x32_sliced1x4_nn,14.837700000000018
128,1,conv5,aten::cudnn_convolution,191.11730000000003
128,1,conv5,Activity Buffer Request,22.77370000000001
128,1,conv5,"void implicit_convolve_sgemm<float, float, 128, 5, 5, 3, 3, 3, 1, false, false, true>(int, int, int, float const*, int, float*, float const*, kernel_conv_params, unsigned long long, int, float, float, int, float const*, float const*, bool, bool, int, int)",191.11730000000003
128,1,conv6,aten::cudnn_convolution,15.197000000000049
128,1,conv6,Activity Buffer Request,1.66400000000001
128,1,conv6,volta_sgemm_32x32_sliced1x4_nn,15.197000000000049
128,1,pool2,aten::mean,4.5630999999999515
128,1,pool2,Activity Buffer Request,0.4510999999999967
128,1,pool2,"void at::native::reduce_kernel<512, 1, at::native::ReduceOp<float, at::native::MeanOps<float, float, float, float>, unsigned int, float, 4, 4> >(at::native::ReduceOp<float, at::native::MeanOps<float, float, float, float>, unsigned int, float, 4, 4>)",4.5630999999999515
128,1,fc1,aten::addmm,4.863800000000015
128,1,fc1,Activity Buffer Request,0.46399999999998726
128,1,fc1,"std::enable_if<!(false), void>::type internal::gemvx::kernel<int, int, float, float, float, float, false, true, true, false, 7, false, cublasGemvParamsEx<int, cublasGemvTensorStridedBatched<float const>, cublasGemvTensorStridedBatched<float const>, cublasGemvTensorStridedBatched<float>, float> >(cublasGemvParamsEx<int, cublasGemvTensorStridedBatched<float const>, cublasGemvTensorStridedBatched<float const>, cublasGemvTensorStridedBatched<float>, float>)",4.863800000000015
128,1,relu,aten::clamp_min_,2.441399999999999
128,1,relu,Activity Buffer Request,0.23999999999998636
128,1,relu,"void at::native::vectorized_elementwise_kernel<4, at::native::(anonymous namespace)::launch_clamp_scalar(at::TensorIteratorBase&, c10::Scalar, c10::Scalar, at::native::detail::ClampLimits)::{lambda()#1}::operator()() const::{lambda()#7}::operator()() const::{lambda(float)#1}, std::array<char*, 2ul> >(int, at::native::(anonymous namespace)::launch_clamp_scalar(at::TensorIteratorBase&, c10::Scalar, c10::Scalar, at::native::detail::ClampLimits)::{lambda()#1}::operator()() const::{lambda()#7}::operator()() const::{lambda(float)#1}, std::array<char*, 2ul>)",2.441399999999999
128,1,fc2,aten::addmm,4.9021999999999935
128,1,fc2,Activity Buffer Request,0.4864000000000033
128,1,fc2,"std::enable_if<!(false), void>::type internal::gemvx::kernel<int, int, float, float, float, float, false, true, true, false, 7, false, cublasGemvParamsEx<int, cublasGemvTensorStridedBatched<float const>, cublasGemvTensorStridedBatched<float const>, cublasGemvTensorStridedBatched<float>, float> >(cublasGemvParamsEx<int, cublasGemvTensorStridedBatched<float const>, cublasGemvTensorStridedBatched<float const>, cublasGemvTensorStridedBatched<float>, float>)",4.9021999999999935
128,8,conv1,aten::cudnn_convolution,121.66399999999994
128,8,conv1,Activity Buffer Request,12.105200000000014
128,8,conv1,"void cask__5x_cudnn::computeOffsetsKernel<false, false>(cask__5x_cudnn::ComputeOffsetsParams)",3.2384000000000013
128,8,conv1,_5x_cudnn_volta_scudnn_128x32_relu_medium_nn_v1,118.42559999999995
128,8,pool1,aten::max_pool2d_with_indices,41.083600000000004
128,8,pool1,Activity Buffer Request,3.9679000000000086
128,8,pool1,"void at::native::(anonymous namespace)::max_pool_forward_nchw<float, int>(int, float const*, long, long, long, int, int, int, int, int, int, int, int, int, int, float*, long*)",41.083600000000004
128,8,conv2,aten::cudnn_convolution,262.8836
128,8,conv2,Activity Buffer Request,26.4557
128,8,conv2,"void cask__5x_cudnn::computeOffsetsKernel<false, false>(cask__5x_cudnn::ComputeOffsetsParams)",2.6622000000000527
128,8,conv2,_5x_cudnn_volta_scudnn_128x64_relu_xregs_large_nn_v1,260.22139999999996
128,8,conv3,aten::cudnn_convolution,232.8485999999999
128,8,conv3,Activity Buffer Request,23.2183
128,8,conv3,"void implicit_convolve_sgemm<float, float, 512, 6, 8, 3, 3, 5, 1, false, false, true>(int, int, int, float const*, int, float*, float const*, kernel_conv_params, unsigned long long, int, float, float, int, float const*, float const*, bool, bool, int, int)",232.8485999999999
128,8,conv4,aten::cudnn_convolution,52.37039999999998
128,8,conv4,Activity Buffer Request,5.3506999999999945
128,8,conv4,"void cask__5x_cudnn::computeOffsetsKernel<false, false>(cask__5x_cudnn::ComputeOffsetsParams)",2.5824999999999934
128,8,conv4,_5x_cudnn_volta_scudnn_128x128_relu_medium_nn_v1,49.78789999999999
128,8,conv5,aten::cudnn_convolution,393.45980000000014
128,8,conv5,Activity Buffer Request,39.2692
128,8,conv5,"void cask__5x_cudnn::computeOffsetsKernel<false, false>(cask__5x_cudnn::ComputeOffsetsParams)",3.2991000000000326
128,8,conv5,_5x_cudnn_volta_scudnn_128x64_relu_small_nn_v1,390.1607000000001
128,8,conv6,aten::cudnn_convolution,56.91419999999995
128,8,conv6,Activity Buffer Request,6.015899999999999
128,8,conv6,"void cask__5x_cudnn::computeOffsetsKernel<false, false>(cask__5x_cudnn::ComputeOffsetsParams)",2.5535999999999603
128,8,conv6,_5x_cudnn_volta_scudnn_128x64_relu_small_nn_v1,54.36059999999999
128,8,pool2,aten::mean,11.59009999999996
128,8,pool2,Activity Buffer Request,1.1840000000000146
128,8,pool2,"void at::native::reduce_kernel<512, 1, at::native::ReduceOp<float, at::native::MeanOps<float, float, float, float>, unsigned int, float, 4, 4> >(at::native::ReduceOp<float, at::native::MeanOps<float, float, float, float>, unsigned int, float, 4, 4>)",11.59009999999996
128,8,fc1,aten::addmm,9.894000000000029
128,8,fc1,Activity Buffer Request,0.979099999999994
128,8,fc1,"void gemmSN_TN_kernel<float, 128, 16, 2, 4, 8, 9, false, cublasGemvTensorStridedBatched<float const>, cublasGemvTensorStridedBatched<float const>, cublasGemvTensorStridedBatched<float> >(cublasGemmSmallNParams<cublasGemvTensorStridedBatched<float const>, cublasGemvTensorStridedBatched<float const>, cublasGemvTensorStridedBatched<float>, float>)",9.894000000000029
128,8,relu,aten::clamp_min_,2.2942999999999527
128,8,relu,Activity Buffer Request,0.230399999999986
128,8,relu,"void at::native::vectorized_elementwise_kernel<4, at::native::(anonymous namespace)::launch_clamp_scalar(at::TensorIteratorBase&, c10::Scalar, c10::Scalar, at::native::detail::ClampLimits)::{lambda()#1}::operator()() const::{lambda()#7}::operator()() const::{lambda(float)#1}, std::array<char*, 2ul> >(int, at::native::(anonymous namespace)::launch_clamp_scalar(at::TensorIteratorBase&, c10::Scalar, c10::Scalar, at::native::detail::ClampLimits)::{lambda()#1}::operator()() const::{lambda()#7}::operator()() const::{lambda(float)#1}, std::array<char*, 2ul>)",2.2942999999999527
128,8,fc2,aten::addmm,5.94219999999998
128,8,fc2,Activity Buffer Request,0.5919000000000096
128,8,fc2,"void gemmSN_TN_kernel<float, 128, 16, 2, 4, 8, 9, false, cublasGemvTensorStridedBatched<float const>, cublasGemvTensorStridedBatched<float const>, cublasGemvTensorStridedBatched<float> >(cublasGemmSmallNParams<cublasGemvTensorStridedBatched<float const>, cublasGemvTensorStridedBatched<float const>, cublasGemvTensorStridedBatched<float>, float>)",5.94219999999998
128,64,conv1,aten::cudnn_convolution,813.9681000000005
128,64,conv1,Activity Buffer Request,81.46580000000002
128,64,conv1,"void cask__5x_cudnn::computeOffsetsKernel<false, false>(cask__5x_cudnn::ComputeOffsetsParams)",3.3149999999999635
128,64,conv1,_5x_cudnn_volta_scudnn_128x32_relu_medium_nn_v1,810.6531000000006
128,64,pool1,aten::max_pool2d_with_indices,286.231
128,64,pool1,Activity Buffer Request,28.412200000000006
128,64,pool1,"void at::native::(anonymous namespace)::max_pool_forward_nchw<float, int>(int, float const*, long, long, long, int, int, int, int, int, int, int, int, int, int, float*, long*)",286.231
128,64,conv2,aten::cudnn_convolution,1306.1852999999996
128,64,conv2,Activity Buffer Request,131.28820000000002
128,64,conv2,"void cudnn::winograd_nonfused::winogradForwardData9x9_5x5<float, float>(cudnn::winograd_nonfused::WinogradDataParams<float, float>)",424.6956999999999
128,64,conv2,"void cudnn::winograd_nonfused::winogradForwardFilter9x9_5x5<float, float>(cudnn::winograd_nonfused::WinogradFilterParams<float, float>)",9.938899999999967
128,64,conv2,volta_sgemm_128x64_nn,313.7044000000001
128,64,conv2,"void cudnn::winograd_nonfused::winogradForwardOutput9x9_5x5<float, float>(cudnn::winograd_nonfused::WinogradOutputParams<float, float>)",557.8462999999999
128,64,conv3,aten::cudnn_convolution,679.8273
128,64,conv3,Activity Buffer Request,67.96580000000002
128,64,conv3,"void cask__5x_cudnn::computeOffsetsKernel<false, false>(cask__5x_cudnn::ComputeOffsetsParams)",3.2608000000000175
128,64,conv3,_5x_cudnn_volta_scudnn_128x128_relu_medium_nn_v1,676.5665
128,64,conv4,aten::cudnn_convolution,292.5908
128,64,conv4,Activity Buffer Request,29.182900000000018
128,64,conv4,"void cask__5x_cudnn::computeOffsetsKernel<false, false>(cask__5x_cudnn::ComputeOffsetsParams)",3.1870999999999867
128,64,conv4,_5x_cudnn_volta_scudnn_128x64_relu_small_nn_v1,289.4037
128,64,conv5,aten::cudnn_convolution,1452.9651
128,64,conv5,Activity Buffer Request,146.2862
128,64,conv5,"void cask__5x_cudnn::computeOffsetsKernel<false, false>(cask__5x_cudnn::ComputeOffsetsParams)",3.3471999999998614
128,64,conv5,_5x_cudnn_volta_scudnn_128x64_relu_xregs_large_nn_v1,1449.6178999999997
128,64,conv6,aten::cudnn_convolution,319.4132
128,64,conv6,Activity Buffer Request,31.961500000000022
128,64,conv6,"void cask__5x_cudnn::computeOffsetsKernel<false, false>(cask__5x_cudnn::ComputeOffsetsParams)",3.2128000000000156
128,64,conv6,_5x_cudnn_volta_scudnn_128x128_relu_medium_nn_v1,316.2004
128,64,pool2,aten::mean,71.69639999999995
128,64,pool2,Activity Buffer Request,7.084500000000003
128,64,pool2,"void at::native::reduce_kernel<512, 1, at::native::ReduceOp<float, at::native::MeanOps<float, float, float, float>, unsigned int, float, 4, 4> >(at::native::ReduceOp<float, at::native::MeanOps<float, float, float, float>, unsigned int, float, 4, 4>)",71.69639999999995
128,64,fc1,aten::addmm,19.573800000000098
128,64,fc1,Activity Buffer Request,2.07679999999998
128,64,fc1,volta_sgemm_64x32_sliced1x4_tn,15.791500000000042
128,64,fc1,"void cublasLt::splitKreduce_kernel<32, 16, int, float, float, float, float, false, float, float, float, true, true, false>(cublasLt::cublasSplitKParams<float>, float const*, float const*, float*, float*, float const*, float const*, float const*, float const*, float*, void*, long, float*, int*, float*, float*, float const*, float const*, float const*, float const*, float const*)",3.782300000000055
128,64,relu,aten::clamp_min_,2.0351999999999864
128,64,relu,Activity Buffer Request,0.19839999999999236
128,64,relu,"void at::native::vectorized_elementwise_kernel<4, at::native::(anonymous namespace)::launch_clamp_scalar(at::TensorIteratorBase&, c10::Scalar, c10::Scalar, at::native::detail::ClampLimits)::{lambda()#1}::operator()() const::{lambda()#7}::operator()() const::{lambda(float)#1}, std::array<char*, 2ul> >(int, at::native::(anonymous namespace)::launch_clamp_scalar(at::TensorIteratorBase&, c10::Scalar, c10::Scalar, at::native::detail::ClampLimits)::{lambda()#1}::operator()() const::{lambda()#7}::operator()() const::{lambda(float)#1}, std::array<char*, 2ul>)",2.0351999999999864
128,64,fc2,aten::addmm,12.980999999999995
128,64,fc2,Activity Buffer Request,1.2990999999999986
128,64,fc2,volta_sgemm_32x32_sliced1x4_tn,12.980999999999995
128,111,conv1,aten::cudnn_convolution,7220.697500000002
128,111,conv1,Activity Buffer Request,719.2427999999999
128,111,conv1,"void fft2d_r2c_32x32<float, false, 1u, true>(float2*, float const*, int, int, int, int, int, int, int, int, int, cudnn::reduced_divisor, bool, int2, int, int)",18.45370000000032
128,111,conv1,"void fft2d_r2c_32x32<float, false, 0u, false>(float2*, float const*, int, int, int, int, int, int, int, int, int, cudnn::reduced_divisor, bool, int2, int, int)",828.5406999999999
128,111,conv1,volta_gcgemm_32x32_nt,2526.320300000001
128,111,conv1,"void fft2d_c2r_32x32<float, true, false, 0u, false, false>(float*, float2 const*, int, int, int, int, int, int, int, int, int, float, float, cudnn::reduced_divisor, bool, float*, float*, int2, cudnnActivationStruct, int, int)",3847.3828000000003
128,111,pool1,aten::max_pool2d_with_indices,429.08680000000004
128,111,pool1,Activity Buffer Request,42.67369999999998
128,111,pool1,"void at::native::(anonymous namespace)::max_pool_forward_nchw<float, int>(int, float const*, long, long, long, int, int, int, int, int, int, int, int, int, int, float*, long*)",429.08680000000004
128,111,conv2,aten::cudnn_convolution,2025.6915000000001
128,111,conv2,Activity Buffer Request,200.99790000000004
128,111,conv2,"void cudnn::winograd_nonfused::winogradForwardData9x9_5x5<float, float>(cudnn::winograd_nonfused::WinogradDataParams<float, float>)",658.6722000000003
128,111,conv2,"void cudnn::winograd_nonfused::winogradForwardFilter9x9_5x5<float, float>(cudnn::winograd_nonfused::WinogradFilterParams<float, float>)",7.910099999999898
128,111,conv2,volta_sgemm_128x64_nn,549.7542
128,111,conv2,"void cudnn::winograd_nonfused::winogradForwardOutput9x9_5x5<float, float>(cudnn::winograd_nonfused::WinogradOutputParams<float, float>)",809.3550000000001
128,111,conv3,aten::cudnn_convolution,800.1429000000002
128,111,conv3,Activity Buffer Request,82.13490000000002
128,111,conv3,"void cask__5x_cudnn::computeOffsetsKernel<false, false>(cask__5x_cudnn::ComputeOffsetsParams)",2.6206999999999425
128,111,conv3,_5x_cudnn_volta_scudnn_128x128_relu_medium_nn_v1,797.5222000000001
128,111,conv4,aten::cudnn_convolution,393.86300000000006
128,111,conv4,Activity Buffer Request,39.3716
128,111,conv4,"void cask__5x_cudnn::computeOffsetsKernel<false, false>(cask__5x_cudnn::ComputeOffsetsParams)",2.553500000000065
128,111,conv4,_5x_cudnn_volta_scudnn_128x64_relu_small_nn_v1,391.30949999999996
128,111,conv5,aten::cudnn_convolution,1684.0376
128,111,conv5,Activity Buffer Request,168.62760000000003
128,111,conv5,"void cask__5x_cudnn::computeOffsetsKernel<false, false>(cask__5x_cudnn::ComputeOffsetsParams)",2.655899999999929
128,111,conv5,_5x_cudnn_volta_scudnn_128x64_relu_xregs_large_nn_v1,1681.3817000000004
128,111,conv6,aten::cudnn_convolution,424.6384
128,111,conv6,Activity Buffer Request,43.1314
128,111,conv6,"void cask__5x_cudnn::computeOffsetsKernel<false, false>(cask__5x_cudnn::ComputeOffsetsParams)",2.8478999999999473
128,111,conv6,_5x_cudnn_volta_scudnn_128x128_relu_medium_nn_v1,421.79050000000007
128,111,pool2,aten::mean,102.55389999999997
128,111,pool2,Activity Buffer Request,10.1885
128,111,pool2,"void at::native::reduce_kernel<512, 1, at::native::ReduceOp<float, at::native::MeanOps<float, float, float, float>, unsigned int, float, 4, 4> >(at::native::ReduceOp<float, at::native::MeanOps<float, float, float, float>, unsigned int, float, 4, 4>)",102.55389999999997
128,111,fc1,aten::addmm,20.744899999999962
128,111,fc1,Activity Buffer Request,2.207899999999995
128,111,fc1,volta_sgemm_128x32_tn,17.519399999999973
128,111,fc1,"void cublasLt::splitKreduce_kernel<32, 16, int, float, float, float, float, false, float, float, float, true, true, false>(cublasLt::cublasSplitKParams<float>, float const*, float const*, float*, float*, float const*, float const*, float const*, float const*, float*, void*, long, float*, int*, float*, float*, float const*, float const*, float const*, float const*, float const*)",3.2254999999999883
128,111,relu,aten::clamp_min_,2.0863000000000285
128,111,relu,Activity Buffer Request,0.21760000000001584
128,111,relu,"void at::native::vectorized_elementwise_kernel<4, at::native::(anonymous namespace)::launch_clamp_scalar(at::TensorIteratorBase&, c10::Scalar, c10::Scalar, at::native::detail::ClampLimits)::{lambda()#1}::operator()() const::{lambda()#7}::operator()() const::{lambda(float)#1}, std::array<char*, 2ul> >(int, at::native::(anonymous namespace)::launch_clamp_scalar(at::TensorIteratorBase&, c10::Scalar, c10::Scalar, at::native::detail::ClampLimits)::{lambda()#1}::operator()() const::{lambda()#7}::operator()() const::{lambda(float)#1}, std::array<char*, 2ul>)",2.0863000000000285
128,111,fc2,aten::addmm,11.270200000000022
128,111,fc2,Activity Buffer Request,1.1327999999999974
128,111,fc2,volta_sgemm_128x32_tn,8.591800000000035
128,111,fc2,"void cublasLt::splitKreduce_kernel<32, 16, int, float, float, float, float, false, float, float, float, true, true, false>(cublasLt::cublasSplitKParams<float>, float const*, float const*, float*, float*, float const*, float const*, float const*, float const*, float*, void*, long, float*, int*, float*, float*, float const*, float const*, float const*, float const*, float const*)",2.678399999999988
128,128,conv1,aten::cudnn_convolution,8252.336099999991
128,128,conv1,Activity Buffer Request,824.3120000000001
128,128,conv1,"void fft2d_r2c_32x32<float, false, 1u, true>(float2*, float const*, int, int, int, int, int, int, int, int, int, cudnn::reduced_divisor, bool, int2, int, int)",21.18009999999929
128,128,conv1,"void fft2d_r2c_32x32<float, false, 0u, false>(float2*, float const*, int, int, int, int, int, int, int, int, int, cudnn::reduced_divisor, bool, int2, int, int)",848.1247999999983
128,128,conv1,volta_gcgemm_32x32_nt,2949.6276999999964
128,128,conv1,"void fft2d_c2r_32x32<float, true, false, 0u, false, false>(float*, float2 const*, int, int, int, int, int, int, int, int, int, float, float, cudnn::reduced_divisor, bool, float*, float*, int2, cudnnActivationStruct, int, int)",4433.403499999999
128,128,pool1,aten::max_pool2d_with_indices,494.9471
128,128,pool1,Activity Buffer Request,49.12159999999999
128,128,pool1,"void at::native::(anonymous namespace)::max_pool_forward_nchw<float, int>(int, float const*, long, long, long, int, int, int, int, int, int, int, int, int, int, float*, long*)",494.9471
128,128,conv2,aten::cudnn_convolution,2142.9453
128,128,conv2,Activity Buffer Request,208.36410000000006
128,128,conv2,"void cudnn::winograd_nonfused::winogradForwardData9x9_5x5<float, float>(cudnn::winograd_nonfused::WinogradDataParams<float, float>)",706.8978999999998
128,128,conv2,"void cudnn::winograd_nonfused::winogradForwardFilter9x9_5x5<float, float>(cudnn::winograd_nonfused::WinogradFilterParams<float, float>)",6.847799999999916
128,128,conv2,volta_sgemm_128x64_nn,626.7818
128,128,conv2,"void cudnn::winograd_nonfused::winogradForwardOutput9x9_5x5<float, float>(cudnn::winograd_nonfused::WinogradOutputParams<float, float>)",802.4177999999999
128,128,conv3,aten::cudnn_convolution,861.3934999999999
128,128,conv3,Activity Buffer Request,86.15360000000001
128,128,conv3,"void cask__5x_cudnn::computeOffsetsKernel<false, false>(cask__5x_cudnn::ComputeOffsetsParams)",2.4573999999999843
128,128,conv3,_5x_cudnn_volta_scudnn_128x128_relu_medium_nn_v1,858.9361000000001
128,128,conv4,aten::cudnn_convolution,472.3553
128,128,conv4,Activity Buffer Request,47.24959999999999
128,128,conv4,"void cask__5x_cudnn::computeOffsetsKernel<false, false>(cask__5x_cudnn::ComputeOffsetsParams)",2.6878000000000837
128,128,conv4,_5x_cudnn_volta_scudnn_128x64_relu_small_nn_v1,469.66749999999985
128,128,conv5,aten::cudnn_convolution,2081.6385
128,128,conv5,Activity Buffer Request,203.62830000000002
128,128,conv5,"void cask__5x_cudnn::computeOffsetsKernel<false, false>(cask__5x_cudnn::ComputeOffsetsParams)",2.7807000000001154
128,128,conv5,_5x_cudnn_volta_scudnn_128x64_relu_xregs_large_nn_v1,2078.8577999999998
128,128,conv6,aten::cudnn_convolution,552.6201999999998
128,128,conv6,Activity Buffer Request,55.281499999999994
128,128,conv6,"void cask__5x_cudnn::computeOffsetsKernel<false, false>(cask__5x_cudnn::ComputeOffsetsParams)",3.244799999999884
128,128,conv6,_5x_cudnn_volta_scudnn_128x128_relu_medium_nn_v1,549.3754000000001
128,128,pool2,aten::mean,121.76220000000004
128,128,pool2,Activity Buffer Request,12.143600000000015
128,128,pool2,"void at::native::reduce_kernel<512, 1, at::native::ReduceOp<float, at::native::MeanOps<float, float, float, float>, unsigned int, float, 4, 4> >(at::native::ReduceOp<float, at::native::MeanOps<float, float, float, float>, unsigned int, float, 4, 4>)",121.76220000000004
128,128,fc1,aten::addmm,23.247300000000017
128,128,fc1,Activity Buffer Request,2.480000000000018
128,128,fc1,volta_sgemm_128x32_tn,19.720900000000007
128,128,fc1,"void cublasLt::splitKreduce_kernel<32, 16, int, float, float, float, float, false, float, float, float, true, true, false>(cublasLt::cublasSplitKParams<float>, float const*, float const*, float*, float*, float const*, float const*, float const*, float const*, float*, void*, long, float*, int*, float*, float*, float const*, float const*, float const*, float const*, float const*)",3.526400000000012
128,128,relu,aten::clamp_min_,1.731099999999992
128,128,relu,Activity Buffer Request,0.188799999999992
128,128,relu,"void at::native::vectorized_elementwise_kernel<4, at::native::(anonymous namespace)::launch_clamp_scalar(at::TensorIteratorBase&, c10::Scalar, c10::Scalar, at::native::detail::ClampLimits)::{lambda()#1}::operator()() const::{lambda()#7}::operator()() const::{lambda(float)#1}, std::array<char*, 2ul> >(int, at::native::(anonymous namespace)::launch_clamp_scalar(at::TensorIteratorBase&, c10::Scalar, c10::Scalar, at::native::detail::ClampLimits)::{lambda()#1}::operator()() const::{lambda()#7}::operator()() const::{lambda(float)#1}, std::array<char*, 2ul>)",1.731099999999992
128,128,fc2,aten::addmm,10.239700000000017
128,128,fc2,Activity Buffer Request,1.0431999999999904
128,128,fc2,volta_sgemm_32x128_tn,7.833400000000017
128,128,fc2,"void cublasLt::splitKreduce_kernel<32, 16, int, float, float, float, float, false, float, float, float, true, true, false>(cublasLt::cublasSplitKParams<float>, float const*, float const*, float*, float*, float const*, float const*, float const*, float const*, float*, void*, long, float*, int*, float*, float*, float const*, float const*, float const*, float const*, float const*)",2.406299999999999
128,256,conv1,aten::cudnn_convolution,15454.369600000016
128,256,conv1,Activity Buffer Request,1581.9180000000001
128,256,conv1,"void fft2d_r2c_32x32<float, false, 1u, true>(float2*, float const*, int, int, int, int, int, int, int, int, int, cudnn::reduced_divisor, bool, int2, int, int)",26.523799999997777
128,256,conv1,"void fft2d_r2c_32x32<float, false, 0u, false>(float2*, float const*, int, int, int, int, int, int, int, int, int, cudnn::reduced_divisor, bool, int2, int, int)",1599.5778000000057
128,256,conv1,volta_gcgemm_32x32_nt,5314.859100000019
128,256,conv1,"void fft2d_c2r_32x32<float, true, false, 0u, false, false>(float*, float2 const*, int, int, int, int, int, int, int, int, int, float, float, cudnn::reduced_divisor, bool, float*, float*, int2, cudnnActivationStruct, int, int)",8513.408899999997
128,256,pool1,aten::max_pool2d_with_indices,986.7940000000002
128,256,pool1,Activity Buffer Request,98.21089999999997
128,256,pool1,"void at::native::(anonymous namespace)::max_pool_forward_nchw<float, int>(int, float const*, long, long, long, int, int, int, int, int, int, int, int, int, int, float*, long*)",986.7940000000002
128,256,conv2,aten::cudnn_convolution,4769.552699999998
128,256,conv2,Activity Buffer Request,450.3173999999999
128,256,conv2,"void cudnn::winograd_nonfused::winogradForwardData9x9_5x5<float, float>(cudnn::winograd_nonfused::WinogradDataParams<float, float>)",1541.7491000000005
128,256,conv2,"void cudnn::winograd_nonfused::winogradForwardFilter9x9_5x5<float, float>(cudnn::winograd_nonfused::WinogradFilterParams<float, float>)",9.008000000000356
128,256,conv2,volta_sgemm_128x64_nn,1229.6953999999987
128,256,conv2,"void cudnn::winograd_nonfused::winogradForwardOutput9x9_5x5<float, float>(cudnn::winograd_nonfused::WinogradOutputParams<float, float>)",1989.1001999999994
128,256,conv3,aten::cudnn_convolution,2037.2434999999994
128,256,conv3,Activity Buffer Request,204.2652
128,256,conv3,"void cask__5x_cudnn::computeOffsetsKernel<false, false>(cask__5x_cudnn::ComputeOffsetsParams)",2.921399999999926
128,256,conv3,_5x_cudnn_volta_scudnn_128x64_relu_xregs_large_nn_v1,2034.3220999999999
128,256,conv4,aten::cudnn_convolution,917.4982999999999
128,256,conv4,Activity Buffer Request,91.8656
128,256,conv4,"void cask__5x_cudnn::computeOffsetsKernel<false, false>(cask__5x_cudnn::ComputeOffsetsParams)",2.6495999999999866
128,256,conv4,_5x_cudnn_volta_scudnn_128x64_relu_small_nn_v1,914.8486999999999
128,256,conv5,aten::cudnn_convolution,4416.4663
128,256,conv5,Activity Buffer Request,391.1482
128,256,conv5,"void cask__5x_cudnn::computeOffsetsKernel<false, false>(cask__5x_cudnn::ComputeOffsetsParams)",3.119999999999982
128,256,conv5,_5x_cudnn_volta_scudnn_128x64_relu_xregs_large_nn_v1,4413.346299999999
128,256,conv6,aten::cudnn_convolution,1078.1765999999998
128,256,conv6,Activity Buffer Request,116.07920000000001
128,256,conv6,"void cask__5x_cudnn::computeOffsetsKernel<false, false>(cask__5x_cudnn::ComputeOffsetsParams)",3.308600000000115
128,256,conv6,_5x_cudnn_volta_scudnn_128x128_relu_medium_nn_v1,1074.8679999999997
128,256,pool2,aten::mean,257.71289999999993
128,256,pool2,Activity Buffer Request,25.73040000000001
128,256,pool2,"void at::native::reduce_kernel<512, 1, at::native::ReduceOp<float, at::native::MeanOps<float, float, float, float>, unsigned int, float, 4, 4> >(at::native::ReduceOp<float, at::native::MeanOps<float, float, float, float>, unsigned int, float, 4, 4>)",257.71289999999993
128,256,fc1,aten::addmm,30.143200000000114
128,256,fc1,Activity Buffer Request,3.1710999999999787
128,256,fc1,volta_sgemm_128x64_tn,25.023300000000063
128,256,fc1,"void cublasLt::splitKreduce_kernel<32, 16, int, float, float, float, float, false, float, float, float, true, true, false>(cublasLt::cublasSplitKParams<float>, float const*, float const*, float*, float*, float const*, float const*, float const*, float const*, float*, void*, long, float*, int*, float*, float*, float const*, float const*, float const*, float const*, float const*)",5.119900000000053
128,256,relu,aten::clamp_min_,1.9680000000000746
128,256,relu,Activity Buffer Request,0.2048000000000229
128,256,relu,"void at::native::vectorized_elementwise_kernel<4, at::native::(anonymous namespace)::launch_clamp_scalar(at::TensorIteratorBase&, c10::Scalar, c10::Scalar, at::native::detail::ClampLimits)::{lambda()#1}::operator()() const::{lambda()#7}::operator()() const::{lambda(float)#1}, std::array<char*, 2ul> >(int, at::native::(anonymous namespace)::launch_clamp_scalar(at::TensorIteratorBase&, c10::Scalar, c10::Scalar, at::native::detail::ClampLimits)::{lambda()#1}::operator()() const::{lambda()#7}::operator()() const::{lambda(float)#1}, std::array<char*, 2ul>)",1.9680000000000746
128,256,fc2,aten::addmm,12.338499999999964
128,256,fc2,Activity Buffer Request,1.3182999999999878
128,256,fc2,volta_sgemm_32x128_tn,9.538499999999988
128,256,fc2,"void cublasLt::splitKreduce_kernel<32, 16, int, float, float, float, float, false, float, float, float, true, true, false>(cublasLt::cublasSplitKParams<float>, float const*, float const*, float*, float*, float const*, float const*, float const*, float const*, float*, void*, long, float*, int*, float*, float*, float const*, float const*, float const*, float const*, float const*)",2.799999999999977
224,1,conv1,aten::cudnn_convolution,37.64699999999995
224,1,conv1,Activity Buffer Request,3.8910999999999945
224,1,conv1,"void cask__5x_cudnn::computeOffsetsKernel<false, false>(cask__5x_cudnn::ComputeOffsetsParams)",1.8751999999999953
224,1,conv1,_5x_cudnn_volta_scudnn_128x32_relu_medium_nn_v1,35.77179999999995
224,1,pool1,aten::max_pool2d_with_indices,10.060399999999982
224,1,pool1,Activity Buffer Request,1.5390999999999622
224,1,pool1,"void at::native::(anonymous namespace)::max_pool_forward_nchw<float, int>(int, float const*, long, long, long, int, int, int, int, int, int, int, int, int, int, float*, long*)",10.060399999999982
224,1,conv2,aten::cudnn_convolution,101.6865999999999
224,1,conv2,Activity Buffer Request,10.601199999999995
224,1,conv2,"void cudnn::engines_precompiled::nchwToNhwcKernel<float, float, float, false, true, (cudnnKernelDataType_t)0>(cudnn::engines_precompiled::nchw2nhwc_params_t<float>, float const*, float*)",5.269999999999959
224,1,conv2,"void cask__5x_cudnn::computeOffsetsKernel<false, false>(cask__5x_cudnn::ComputeOffsetsParams)",1.6511000000000196
224,1,conv2,_5x_cudnn_volta_scudnn_128x32_sliced1x4_ldg4_relu_exp_medium_nhwc_tn_v1,91.15909999999995
224,1,conv2,"void cudnn::engines_precompiled::nhwcToNchwKernel<float, float, float, true, false, (cudnnKernelDataType_t)0>(cudnn::engines_precompiled::nhwc2nchw_params_t<float>, float const*, float*)",3.6063999999999625
224,1,conv3,aten::cudnn_convolution,46.05319999999979
224,1,conv3,Activity Buffer Request,5.113399999999911
224,1,conv3,"void cudnn::engines_precompiled::nchwToNhwcKernel<float, float, float, false, true, (cudnnKernelDataType_t)0>(cudnn::engines_precompiled::nchw2nhwc_params_t<float>, float const*, float*)",7.77589999999991
224,1,conv3,"void cask__5x_cudnn::computeOffsetsKernel<false, false>(cask__5x_cudnn::ComputeOffsetsParams)",1.6031999999999698
224,1,conv3,_5x_cudnn_volta_scudnn_128x32_sliced1x4_ldg4_relu_exp_medium_nhwc_tn_v1,34.322200000000024
224,1,conv3,"void cudnn::engines_precompiled::nhwcToNchwKernel<float, float, float, true, false, (cudnnKernelDataType_t)0>(cudnn::engines_precompiled::nhwc2nchw_params_t<float>, float const*, float*)",2.351899999999887
224,1,conv4,aten::cudnn_convolution,16.604200000000127
224,1,conv4,Activity Buffer Request,1.8303000000000338
224,1,conv4,volta_sgemm_128x64_nn,16.604200000000127
224,1,conv5,aten::cudnn_convolution,146.94890000000004
224,1,conv5,Activity Buffer Request,14.604199999999945
224,1,conv5,"void cudnn::engines_precompiled::nchwToNhwcKernel<float, float, float, false, true, (cudnnKernelDataType_t)0>(cudnn::engines_precompiled::nchw2nhwc_params_t<float>, float const*, float*)",29.176600000000054
224,1,conv5,"void cask__5x_cudnn::computeOffsetsKernel<false, false>(cask__5x_cudnn::ComputeOffsetsParams)",2.179199999999992
224,1,conv5,_5x_cudnn_volta_scudnn_128x32_sliced1x4_ldg4_relu_exp_medium_nhwc_tn_v1,113.56440000000006
224,1,conv5,"void cudnn::engines_precompiled::nhwcToNchwKernel<float, float, float, true, false, (cudnnKernelDataType_t)0>(cudnn::engines_precompiled::nhwc2nchw_params_t<float>, float const*, float*)",2.0286999999999353
224,1,conv6,aten::cudnn_convolution,19.60889999999997
224,1,conv6,Activity Buffer Request,2.252800000000002
224,1,conv6,volta_sgemm_128x32_nn,19.60889999999997
224,1,pool2,aten::mean,3.0238000000000738
224,1,pool2,Activity Buffer Request,0.31030000000000657
224,1,pool2,"void at::native::reduce_kernel<512, 1, at::native::ReduceOp<float, at::native::MeanOps<float, float, float, float>, unsigned int, float, 4, 4> >(at::native::ReduceOp<float, at::native::MeanOps<float, float, float, float>, unsigned int, float, 4, 4>)",3.0238000000000738
224,1,fc1,aten::addmm,3.0078999999999723
224,1,fc1,Activity Buffer Request,0.3487999999999829
224,1,fc1,"std::enable_if<!(false), void>::type internal::gemvx::kernel<int, int, float, float, float, float, false, true, true, false, 7, false, cublasGemvParamsEx<int, cublasGemvTensorStridedBatched<float const>, cublasGemvTensorStridedBatched<float const>, cublasGemvTensorStridedBatched<float>, float> >(cublasGemvParamsEx<int, cublasGemvTensorStridedBatched<float const>, cublasGemvTensorStridedBatched<float const>, cublasGemvTensorStridedBatched<float>, float>)",3.0078999999999723
224,1,relu,aten::clamp_min_,1.4655999999999836
224,1,relu,Activity Buffer Request,0.147199999999998
224,1,relu,"void at::native::vectorized_elementwise_kernel<4, at::native::(anonymous namespace)::launch_clamp_scalar(at::TensorIteratorBase&, c10::Scalar, c10::Scalar, at::native::detail::ClampLimits)::{lambda()#1}::operator()() const::{lambda()#7}::operator()() const::{lambda(float)#1}, std::array<char*, 2ul> >(int, at::native::(anonymous namespace)::launch_clamp_scalar(at::TensorIteratorBase&, c10::Scalar, c10::Scalar, at::native::detail::ClampLimits)::{lambda()#1}::operator()() const::{lambda()#7}::operator()() const::{lambda(float)#1}, std::array<char*, 2ul>)",1.4655999999999836
224,1,fc2,aten::addmm,2.956499999999983
224,1,fc2,Activity Buffer Request,0.294399999999996
224,1,fc2,"std::enable_if<!(false), void>::type internal::gemvx::kernel<int, int, float, float, float, float, false, true, true, false, 7, false, cublasGemvParamsEx<int, cublasGemvTensorStridedBatched<float const>, cublasGemvTensorStridedBatched<float const>, cublasGemvTensorStridedBatched<float>, float> >(cublasGemvParamsEx<int, cublasGemvTensorStridedBatched<float const>, cublasGemvTensorStridedBatched<float const>, cublasGemvTensorStridedBatched<float>, float>)",2.956499999999983
224,8,conv1,aten::cudnn_convolution,204.37379999999976
224,8,conv1,Activity Buffer Request,20.485700000000044
224,8,conv1,"void cask__5x_cudnn::computeOffsetsKernel<false, false>(cask__5x_cudnn::ComputeOffsetsParams)",2.246399999999994
224,8,conv1,_5x_cudnn_volta_scudnn_128x32_relu_medium_nn_v1,202.12739999999977
224,8,pool1,aten::max_pool2d_with_indices,98.79059999999997
224,8,pool1,Activity Buffer Request,9.577300000000003
224,8,pool1,"void at::native::(anonymous namespace)::max_pool_forward_nchw<float, int>(int, float const*, long, long, long, int, int, int, int, int, int, int, int, int, int, float*, long*)",98.79059999999997
224,8,conv2,aten::cudnn_convolution,382.56870000000004
224,8,conv2,Activity Buffer Request,38.4627
224,8,conv2,"void cask__5x_cudnn::computeOffsetsKernel<false, false>(cask__5x_cudnn::ComputeOffsetsParams)",2.2398000000000478
224,8,conv2,_5x_cudnn_volta_scudnn_128x64_relu_xregs_large_nn_v1,380.3289
224,8,conv3,aten::cudnn_convolution,174.97060000000008
224,8,conv3,Activity Buffer Request,17.477900000000023
224,8,conv3,"void cask__5x_cudnn::computeOffsetsKernel<false, false>(cask__5x_cudnn::ComputeOffsetsParams)",2.1919000000000777
224,8,conv3,_5x_cudnn_volta_scudnn_128x64_relu_xregs_large_nn_v1,172.77870000000001
224,8,conv4,aten::cudnn_convolution,81.97889999999998
224,8,conv4,Activity Buffer Request,8.086199999999996
224,8,conv4,"void cask__5x_cudnn::computeOffsetsKernel<false, false>(cask__5x_cudnn::ComputeOffsetsParams)",2.150400000000002
224,8,conv4,_5x_cudnn_volta_scudnn_128x64_relu_small_nn_v1,79.82849999999999
224,8,conv5,aten::cudnn_convolution,445.0279999999999
224,8,conv5,Activity Buffer Request,44.123299999999986
224,8,conv5,"void cudnn::engines_precompiled::nchwToNhwcKernel<float, float, float, false, true, (cudnnKernelDataType_t)0>(cudnn::engines_precompiled::nchw2nhwc_params_t<float>, float const*, float*)",80.78740000000002
224,8,conv5,"void cask__5x_cudnn::computeOffsetsKernel<false, false>(cask__5x_cudnn::ComputeOffsetsParams)",2.2463999999999373
224,8,conv5,_5x_cudnn_volta_scudnn_128x32_sliced1x4_ldg4_relu_exp_medium_nhwc_tn_v1,353.4696
224,8,conv5,"void cudnn::engines_precompiled::nhwcToNchwKernel<float, float, float, true, false, (cudnnKernelDataType_t)0>(cudnn::engines_precompiled::nhwc2nchw_params_t<float>, float const*, float*)",8.524599999999964
224,8,conv6,aten::cudnn_convolution,102.67609999999998
224,8,conv6,Activity Buffer Request,10.034999999999991
224,8,conv6,"void cask__5x_cudnn::computeOffsetsKernel<false, false>(cask__5x_cudnn::ComputeOffsetsParams)",2.0254999999999654
224,8,conv6,_5x_cudnn_volta_scudnn_128x128_relu_medium_nn_v1,100.65060000000001
224,8,pool2,aten::mean,9.976899999999977
224,8,pool2,Activity Buffer Request,2.016000000000008
224,8,pool2,"void at::native::reduce_kernel<512, 1, at::native::ReduceOp<float, at::native::MeanOps<float, float, float, float>, unsigned int, float, 4, 4> >(at::native::ReduceOp<float, at::native::MeanOps<float, float, float, float>, unsigned int, float, 4, 4>)",9.976899999999977
224,8,fc1,aten::addmm,6.009500000000026
224,8,fc1,Activity Buffer Request,0.588799999999992
224,8,fc1,"void gemmSN_TN_kernel<float, 128, 16, 2, 4, 8, 9, false, cublasGemvTensorStridedBatched<float const>, cublasGemvTensorStridedBatched<float const>, cublasGemvTensorStridedBatched<float> >(cublasGemmSmallNParams<cublasGemvTensorStridedBatched<float const>, cublasGemvTensorStridedBatched<float const>, cublasGemvTensorStridedBatched<float>, float>)",6.009500000000026
224,8,relu,aten::clamp_min_,1.3790999999999827
224,8,relu,Activity Buffer Request,0.13759999999999764
224,8,relu,"void at::native::vectorized_elementwise_kernel<4, at::native::(anonymous namespace)::launch_clamp_scalar(at::TensorIteratorBase&, c10::Scalar, c10::Scalar, at::native::detail::ClampLimits)::{lambda()#1}::operator()() const::{lambda()#7}::operator()() const::{lambda(float)#1}, std::array<char*, 2ul> >(int, at::native::(anonymous namespace)::launch_clamp_scalar(at::TensorIteratorBase&, c10::Scalar, c10::Scalar, at::native::detail::ClampLimits)::{lambda()#1}::operator()() const::{lambda()#7}::operator()() const::{lambda(float)#1}, std::array<char*, 2ul>)",1.3790999999999827
224,8,fc2,aten::addmm,3.5934999999999833
224,8,fc2,Activity Buffer Request,0.3583999999999946
224,8,fc2,"void gemmSN_TN_kernel<float, 128, 16, 2, 4, 8, 9, false, cublasGemvTensorStridedBatched<float const>, cublasGemvTensorStridedBatched<float const>, cublasGemvTensorStridedBatched<float> >(cublasGemmSmallNParams<cublasGemvTensorStridedBatched<float const>, cublasGemvTensorStridedBatched<float const>, cublasGemvTensorStridedBatched<float>, float>)",3.5934999999999833
224,64,conv1,aten::cudnn_convolution,1576.1611
224,64,conv1,Activity Buffer Request,155.18830000000003
224,64,conv1,"void cask__5x_cudnn::computeOffsetsKernel<false, false>(cask__5x_cudnn::ComputeOffsetsParams)",2.313600000000065
224,64,conv1,_5x_cudnn_volta_scudnn_128x32_relu_medium_nn_v1,1573.8475
224,64,pool1,aten::max_pool2d_with_indices,781.0692
224,64,pool1,Activity Buffer Request,77.9495
224,64,pool1,"void at::native::(anonymous namespace)::max_pool_forward_nchw<float, int>(int, float const*, long, long, long, int, int, int, int, int, int, int, int, int, int, float*, long*)",781.0692
224,64,conv2,aten::cudnn_convolution,3456.379300000002
224,64,conv2,Activity Buffer Request,337.6878
224,64,conv2,"void cudnn::winograd_nonfused::winogradForwardData9x9_5x5<float, float>(cudnn::winograd_nonfused::WinogradDataParams<float, float>)",1057.3083000000006
224,64,conv2,"void cudnn::winograd_nonfused::winogradForwardFilter9x9_5x5<float, float>(cudnn::winograd_nonfused::WinogradFilterParams<float, float>)",8.211000000000377
224,64,conv2,volta_sgemm_128x64_nn,972.8853999999999
224,64,conv2,"void cudnn::winograd_nonfused::winogradForwardOutput9x9_5x5<float, float>(cudnn::winograd_nonfused::WinogradOutputParams<float, float>)",1417.9746000000005
224,64,conv3,aten::cudnn_convolution,1485.2904
224,64,conv3,Activity Buffer Request,146.3215
224,64,conv3,"void cask__5x_cudnn::computeOffsetsKernel<false, false>(cask__5x_cudnn::ComputeOffsetsParams)",2.8093000000000075
224,64,conv3,_5x_cudnn_volta_scudnn_128x64_relu_xregs_large_nn_v1,1482.4811
224,64,conv4,aten::cudnn_convolution,727.6917000000001
224,64,conv4,Activity Buffer Request,72.7209
224,64,conv4,"void cask__5x_cudnn::computeOffsetsKernel<false, false>(cask__5x_cudnn::ComputeOffsetsParams)",2.6399000000000568
224,64,conv4,_5x_cudnn_volta_scudnn_128x64_relu_small_nn_v1,725.0518000000001
224,64,conv5,aten::cudnn_convolution,2963.0093
224,64,conv5,Activity Buffer Request,278.4451
224,64,conv5,"void cask__5x_cudnn::computeOffsetsKernel<false, false>(cask__5x_cudnn::ComputeOffsetsParams)",2.991800000000319
224,64,conv5,_5x_cudnn_volta_scudnn_128x128_relu_medium_nn_v1,2960.0174999999995
224,64,conv6,aten::cudnn_convolution,814.1971000000001
224,64,conv6,Activity Buffer Request,81.4757
224,64,conv6,"void cask__5x_cudnn::computeOffsetsKernel<false, false>(cask__5x_cudnn::ComputeOffsetsParams)",3.27650000000026
224,64,conv6,_5x_cudnn_volta_scudnn_128x128_relu_medium_nn_v1,810.9205999999999
224,64,pool2,aten::mean,108.05729999999998
224,64,pool2,Activity Buffer Request,10.978800000000001
224,64,pool2,"void at::native::reduce_kernel<512, 1, at::native::ReduceOp<float, at::native::MeanOps<float, float, float, float>, unsigned int, float, 4, 4> >(at::native::ReduceOp<float, at::native::MeanOps<float, float, float, float>, unsigned int, float, 4, 4>)",108.05729999999998
224,64,fc1,aten::addmm,19.04880000000003
224,64,fc1,Activity Buffer Request,2.0062999999999875
224,64,fc1,volta_sgemm_64x32_sliced1x4_tn,15.509699999999976
224,64,fc1,"void cublasLt::splitKreduce_kernel<32, 16, int, float, float, float, float, false, float, float, float, true, true, false>(cublasLt::cublasSplitKParams<float>, float const*, float const*, float*, float*, float const*, float const*, float const*, float const*, float*, void*, long, float*, int*, float*, float*, float const*, float const*, float const*, float const*, float const*)",3.539100000000053
224,64,relu,aten::clamp_min_,1.7694999999999936
224,64,relu,Activity Buffer Request,0.17919999999999164
224,64,relu,"void at::native::vectorized_elementwise_kernel<4, at::native::(anonymous namespace)::launch_clamp_scalar(at::TensorIteratorBase&, c10::Scalar, c10::Scalar, at::native::detail::ClampLimits)::{lambda()#1}::operator()() const::{lambda()#7}::operator()() const::{lambda(float)#1}, std::array<char*, 2ul> >(int, at::native::(anonymous namespace)::launch_clamp_scalar(at::TensorIteratorBase&, c10::Scalar, c10::Scalar, at::native::detail::ClampLimits)::{lambda()#1}::operator()() const::{lambda()#7}::operator()() const::{lambda(float)#1}, std::array<char*, 2ul>)",1.7694999999999936
224,64,fc2,aten::addmm,11.093700000000023
224,64,fc2,Activity Buffer Request,1.1103000000000065
224,64,fc2,volta_sgemm_32x32_sliced1x4_tn,11.093700000000023
224,111,conv1,aten::cudnn_convolution,24689.98789999997
224,111,conv1,Activity Buffer Request,2473.9556999999973
224,111,conv1,"void fft2d_r2c_32x32<float, false, 1u, true>(float2*, float const*, int, int, int, int, int, int, int, int, int, cudnn::reduced_divisor, bool, int2, int, int)",18.754700000002366
224,111,conv1,"void fft2d_r2c_32x32<float, false, 0u, false>(float2*, float const*, int, int, int, int, int, int, int, int, int, cudnn::reduced_divisor, bool, int2, int, int)",3121.6160999999734
224,111,conv1,volta_gcgemm_32x32_nt,8291.373000000018
224,111,conv1,"void fft2d_c2r_32x32<float, true, false, 0u, false, false>(float*, float2 const*, int, int, int, int, int, int, int, int, int, float, float, cudnn::reduced_divisor, bool, float*, float*, int2, cudnnActivationStruct, int, int)",13258.244099999976
224,111,conv1,Command Buffer Full,267202.7089999974
224,111,pool1,aten::max_pool2d_with_indices,1324.8188999999998
224,111,pool1,Activity Buffer Request,132.08190000000002
224,111,pool1,"void at::native::(anonymous namespace)::max_pool_forward_nchw<float, int>(int, float const*, long, long, long, int, int, int, int, int, int, int, int, int, int, float*, long*)",1324.8188999999998
224,111,conv2,aten::cudnn_convolution,6490.8382
224,111,conv2,Activity Buffer Request,609.2115
224,111,conv2,"void cudnn::winograd_nonfused::winogradForwardData9x9_5x5<float, float>(cudnn::winograd_nonfused::WinogradDataParams<float, float>)",1937.7939000000001
224,111,conv2,"void cudnn::winograd_nonfused::winogradForwardFilter9x9_5x5<float, float>(cudnn::winograd_nonfused::WinogradFilterParams<float, float>)",9.494300000000203
224,111,conv2,volta_sgemm_128x64_nn,1780.2824
224,111,conv2,"void cudnn::winograd_nonfused::winogradForwardOutput9x9_5x5<float, float>(cudnn::winograd_nonfused::WinogradOutputParams<float, float>)",2763.2675999999997
224,111,conv3,aten::cudnn_convolution,2461.693
224,111,conv3,Activity Buffer Request,221.14659999999995
224,111,conv3,"void cask__5x_cudnn::computeOffsetsKernel<false, false>(cask__5x_cudnn::ComputeOffsetsParams)",2.72630000000006
224,111,conv3,_5x_cudnn_volta_scudnn_128x64_relu_xregs_large_nn_v1,2458.9667
224,111,conv4,aten::cudnn_convolution,1379.3047
224,111,conv4,Activity Buffer Request,140.54579999999999
224,111,conv4,"void cask__5x_cudnn::computeOffsetsKernel<false, false>(cask__5x_cudnn::ComputeOffsetsParams)",3.0334999999998447
224,111,conv4,_5x_cudnn_volta_scudnn_128x64_relu_small_nn_v1,1376.2712
224,111,conv5,aten::cudnn_convolution,5845.3198
224,111,conv5,Activity Buffer Request,565.0624
224,111,conv5,"void cask__5x_cudnn::computeOffsetsKernel<false, false>(cask__5x_cudnn::ComputeOffsetsParams)",3.2604999999996154
224,111,conv5,_5x_cudnn_volta_scudnn_128x128_relu_medium_nn_v1,5842.059300000002
224,111,conv6,aten::cudnn_convolution,1114.1934999999999
224,111,conv6,Activity Buffer Request,111.43949999999998
224,111,conv6,"void cask__5x_cudnn::computeOffsetsKernel<false, false>(cask__5x_cudnn::ComputeOffsetsParams)",2.6877999999999473
224,111,conv6,_5x_cudnn_volta_scudnn_128x128_relu_medium_nn_v1,1111.5057000000002
224,111,pool2,aten::mean,176.967
224,111,pool2,Activity Buffer Request,17.6347
224,111,pool2,"void at::native::reduce_kernel<512, 1, at::native::ReduceOp<float, at::native::MeanOps<float, float, float, float>, unsigned int, float, 4, 4> >(at::native::ReduceOp<float, at::native::MeanOps<float, float, float, float>, unsigned int, float, 4, 4>)",176.967
224,111,fc1,aten::addmm,19.151899999999976
224,111,fc1,Activity Buffer Request,2.0798999999999976
224,111,fc1,volta_sgemm_128x32_tn,16.118300000000023
224,111,fc1,"void cublasLt::splitKreduce_kernel<32, 16, int, float, float, float, float, false, float, float, float, true, true, false>(cublasLt::cublasSplitKParams<float>, float const*, float const*, float*, float*, float const*, float const*, float const*, float const*, float*, void*, long, float*, int*, float*, float*, float const*, float const*, float const*, float const*, float const*)",3.033599999999956
224,111,relu,aten::clamp_min_,1.7502999999999929
224,111,relu,Activity Buffer Request,0.18559999999999946
224,111,relu,"void at::native::vectorized_elementwise_kernel<4, at::native::(anonymous namespace)::launch_clamp_scalar(at::TensorIteratorBase&, c10::Scalar, c10::Scalar, at::native::detail::ClampLimits)::{lambda()#1}::operator()() const::{lambda()#7}::operator()() const::{lambda(float)#1}, std::array<char*, 2ul> >(int, at::native::(anonymous namespace)::launch_clamp_scalar(at::TensorIteratorBase&, c10::Scalar, c10::Scalar, at::native::detail::ClampLimits)::{lambda()#1}::operator()() const::{lambda()#7}::operator()() const::{lambda(float)#1}, std::array<char*, 2ul>)",1.7502999999999929
224,111,fc2,aten::addmm,9.318000000000007
224,111,fc2,Activity Buffer Request,0.9344000000000279
224,111,fc2,volta_sgemm_128x32_tn,7.065299999999979
224,111,fc2,"void cublasLt::splitKreduce_kernel<32, 16, int, float, float, float, float, false, float, float, float, true, true, false>(cublasLt::cublasSplitKParams<float>, float const*, float const*, float*, float*, float const*, float const*, float const*, float const*, float*, void*, long, float*, int*, float*, float*, float const*, float const*, float const*, float const*, float const*)",2.252700000000027
224,128,conv1,aten::cudnn_convolution,28060.407100000033
224,128,conv1,Activity Buffer Request,2820.8872
224,128,conv1,"void fft2d_r2c_32x32<float, false, 1u, true>(float2*, float const*, int, int, int, int, int, int, int, int, int, cudnn::reduced_divisor, bool, int2, int, int)",22.5720999999985
224,128,conv1,"void fft2d_r2c_32x32<float, false, 0u, false>(float2*, float const*, int, int, int, int, int, int, int, int, int, cudnn::reduced_divisor, bool, int2, int, int)",3152.2950000000114
224,128,conv1,volta_gcgemm_32x32_nt,9585.19270000001
224,128,conv1,"void fft2d_c2r_32x32<float, true, false, 0u, false, false>(float*, float2 const*, int, int, int, int, int, int, int, int, int, float, float, cudnn::reduced_divisor, bool, float*, float*, int2, cudnnActivationStruct, int, int)",15300.347300000003
224,128,conv1,Command Buffer Full,215355.44800000038
224,128,pool1,aten::max_pool2d_with_indices,1526.8004999999998
224,128,pool1,Activity Buffer Request,152.38209999999998
224,128,pool1,"void at::native::(anonymous namespace)::max_pool_forward_nchw<float, int>(int, float const*, long, long, long, int, int, int, int, int, int, int, int, int, int, float*, long*)",1526.8004999999998
224,128,conv2,aten::cudnn_convolution,7393.735399999998
224,128,conv2,Activity Buffer Request,690.2072
224,128,conv2,"void cudnn::winograd_nonfused::winogradForwardData9x9_5x5<float, float>(cudnn::winograd_nonfused::WinogradDataParams<float, float>)",2289.9165999999996
224,128,conv2,"void cudnn::winograd_nonfused::winogradForwardFilter9x9_5x5<float, float>(cudnn::winograd_nonfused::WinogradFilterParams<float, float>)",9.791699999998764
224,128,conv2,volta_sgemm_128x64_nn,1883.3061999999998
224,128,conv2,"void cudnn::winograd_nonfused::winogradForwardOutput9x9_5x5<float, float>(cudnn::winograd_nonfused::WinogradOutputParams<float, float>)",3210.720899999999
224,128,conv3,aten::cudnn_convolution,3496.2490999999995
224,128,conv3,Activity Buffer Request,286.2048
224,128,conv3,"void cask__5x_cudnn::computeOffsetsKernel<false, false>(cask__5x_cudnn::ComputeOffsetsParams)",3.1838999999999715
224,128,conv3,_5x_cudnn_volta_scudnn_128x64_relu_xregs_large_nn_v1,3493.0651999999995
224,128,conv4,aten::cudnn_convolution,1710.4195000000007
224,128,conv4,Activity Buffer Request,180.0533
224,128,conv4,"void cask__5x_cudnn::computeOffsetsKernel<false, false>(cask__5x_cudnn::ComputeOffsetsParams)",3.2352000000001224
224,128,conv4,_5x_cudnn_volta_scudnn_128x64_relu_small_nn_v1,1707.1843000000001
224,128,conv5,aten::cudnn_convolution,6669.532399999999
224,128,conv5,Activity Buffer Request,668.6591
224,128,conv5,"void cask__5x_cudnn::computeOffsetsKernel<false, false>(cask__5x_cudnn::ComputeOffsetsParams)",3.2798999999986562
224,128,conv5,_5x_cudnn_volta_scudnn_128x128_relu_medium_nn_v1,6666.2525
224,128,conv6,aten::cudnn_convolution,1398.6127
224,128,conv6,Activity Buffer Request,139.3298
224,128,conv6,"void cask__5x_cudnn::computeOffsetsKernel<false, false>(cask__5x_cudnn::ComputeOffsetsParams)",2.937599999999816
224,128,conv6,_5x_cudnn_volta_scudnn_128x128_relu_medium_nn_v1,1395.6751
224,128,pool2,aten::mean,205.8793
224,128,pool2,Activity Buffer Request,20.585699999999996
224,128,pool2,"void at::native::reduce_kernel<512, 1, at::native::ReduceOp<float, at::native::MeanOps<float, float, float, float>, unsigned int, float, 4, 4> >(at::native::ReduceOp<float, at::native::MeanOps<float, float, float, float>, unsigned int, float, 4, 4>)",205.8793
224,128,fc1,aten::addmm,21.73030000000001
224,128,fc1,Activity Buffer Request,2.3391000000000077
224,128,fc1,volta_sgemm_128x32_tn,18.418500000000016
224,128,fc1,"void cublasLt::splitKreduce_kernel<32, 16, int, float, float, float, float, false, float, float, float, true, true, false>(cublasLt::cublasSplitKParams<float>, float const*, float const*, float*, float*, float const*, float const*, float const*, float const*, float*, void*, long, float*, int*, float*, float*, float const*, float const*, float const*, float const*, float const*)",3.3117999999999936
224,128,relu,aten::clamp_min_,1.9872000000000072
224,128,relu,Activity Buffer Request,0.21440000000000053
224,128,relu,"void at::native::vectorized_elementwise_kernel<4, at::native::(anonymous namespace)::launch_clamp_scalar(at::TensorIteratorBase&, c10::Scalar, c10::Scalar, at::native::detail::ClampLimits)::{lambda()#1}::operator()() const::{lambda()#7}::operator()() const::{lambda(float)#1}, std::array<char*, 2ul> >(int, at::native::(anonymous namespace)::launch_clamp_scalar(at::TensorIteratorBase&, c10::Scalar, c10::Scalar, at::native::detail::ClampLimits)::{lambda()#1}::operator()() const::{lambda()#7}::operator()() const::{lambda(float)#1}, std::array<char*, 2ul>)",1.9872000000000072
224,128,fc2,aten::addmm,11.996100000000002
224,128,fc2,Activity Buffer Request,1.2159000000000106
224,128,fc2,volta_sgemm_32x128_tn,9.186699999999973
224,128,fc2,"void cublasLt::splitKreduce_kernel<32, 16, int, float, float, float, float, false, float, float, float, true, true, false>(cublasLt::cublasSplitKParams<float>, float const*, float const*, float*, float*, float const*, float const*, float const*, float const*, float*, void*, long, float*, int*, float*, float*, float const*, float const*, float const*, float const*, float const*)",2.8094000000000277
224,256,conv1,aten::cudnn_convolution,52007.068000000116
224,256,conv1,Activity Buffer Request,5349.373700000001
224,256,conv1,"void fft2d_r2c_32x32<float, false, 1u, true>(float2*, float const*, int, int, int, int, int, int, int, int, int, cudnn::reduced_divisor, bool, int2, int, int)",24.44410000000355
224,256,conv1,"void fft2d_r2c_32x32<float, false, 0u, false>(float2*, float const*, int, int, int, int, int, int, int, int, int, cudnn::reduced_divisor, bool, int2, int, int)",5786.941500000078
224,256,conv1,volta_gcgemm_32x32_nt,17148.25719999997
224,256,conv1,"void fft2d_c2r_32x32<float, true, false, 0u, false, false>(float*, float2 const*, int, int, int, int, int, int, int, int, int, float, float, cudnn::reduced_divisor, bool, float*, float*, int2, cudnnActivationStruct, int, int)",29047.425200000056
224,256,conv1,Command Buffer Full,867163.192300007
224,256,pool1,aten::max_pool2d_with_indices,3052.8728
224,256,pool1,Activity Buffer Request,304.5977
224,256,pool1,"void at::native::(anonymous namespace)::max_pool_forward_nchw<float, int>(int, float const*, long, long, long, int, int, int, int, int, int, int, int, int, int, float*, long*)",3052.8728
224,256,conv2,aten::cudnn_convolution,15145.367899999997
224,256,conv2,Activity Buffer Request,1521.1615000000004
224,256,conv2,"void cudnn::winograd_nonfused::winogradForwardData9x9_5x5<float, float>(cudnn::winograd_nonfused::WinogradDataParams<float, float>)",4675.6662000000015
224,256,conv2,"void cudnn::winograd_nonfused::winogradForwardFilter9x9_5x5<float, float>(cudnn::winograd_nonfused::WinogradFilterParams<float, float>)",10.271600000001763
224,256,conv2,volta_sgemm_128x64_nn,3815.535399999998
224,256,conv2,"void cudnn::winograd_nonfused::winogradForwardOutput9x9_5x5<float, float>(cudnn::winograd_nonfused::WinogradOutputParams<float, float>)",6643.894699999999
224,256,conv3,aten::cudnn_convolution,7989.599699999999
224,256,conv3,Activity Buffer Request,722.7116999999998
224,256,conv3,"void cask__5x_cudnn::computeOffsetsKernel<false, false>(cask__5x_cudnn::ComputeOffsetsParams)",3.599899999999752
224,256,conv3,_5x_cudnn_volta_scudnn_128x64_relu_xregs_large_nn_v1,7985.9998000000005
224,256,conv4,aten::cudnn_convolution,4116.675899999999
224,256,conv4,Activity Buffer Request,314.9174999999999
224,256,conv4,"void cask__5x_cudnn::computeOffsetsKernel<false, false>(cask__5x_cudnn::ComputeOffsetsParams)",3.593500000000131
224,256,conv4,_5x_cudnn_volta_scudnn_128x64_relu_small_nn_v1,4113.082399999999
224,256,conv5,aten::cudnn_convolution,16027.801700000002
224,256,conv5,Activity Buffer Request,1543.7175
224,256,conv5,"void cask__5x_cudnn::computeOffsetsKernel<false, false>(cask__5x_cudnn::ComputeOffsetsParams)",3.7022000000025854
224,256,conv5,_5x_cudnn_volta_scudnn_128x64_relu_xregs_large_nn_v1,16024.0995
224,256,conv6,aten::cudnn_convolution,3153.1105
224,256,conv6,Activity Buffer Request,307.6341999999999
224,256,conv6,"void cask__5x_cudnn::computeOffsetsKernel<false, false>(cask__5x_cudnn::ComputeOffsetsParams)",3.2766000000000077
224,256,conv6,_5x_cudnn_volta_scudnn_128x128_relu_medium_nn_v1,3149.8338999999996
224,256,pool2,aten::mean,458.1670000000001
224,256,pool2,Activity Buffer Request,45.64960000000001
224,256,pool2,"void at::native::reduce_kernel<512, 1, at::native::ReduceOp<float, at::native::MeanOps<float, float, float, float>, unsigned int, float, 4, 4> >(at::native::ReduceOp<float, at::native::MeanOps<float, float, float, float>, unsigned int, float, 4, 4>)",458.1670000000001
224,256,fc1,aten::addmm,34.65790000000006
224,256,fc1,Activity Buffer Request,3.583899999999994
224,256,fc1,volta_sgemm_128x64_tn,28.751000000000023
224,256,fc1,"void cublasLt::splitKreduce_kernel<32, 16, int, float, float, float, float, false, float, float, float, true, true, false>(cublasLt::cublasSplitKParams<float>, float const*, float const*, float*, float*, float const*, float const*, float const*, float const*, float*, void*, long, float*, int*, float*, float*, float const*, float const*, float const*, float const*, float const*)",5.906900000000041
224,256,relu,aten::clamp_min_,2.585600000000068
224,256,relu,Activity Buffer Request,0.26240000000000235
224,256,relu,"void at::native::vectorized_elementwise_kernel<4, at::native::(anonymous namespace)::launch_clamp_scalar(at::TensorIteratorBase&, c10::Scalar, c10::Scalar, at::native::detail::ClampLimits)::{lambda()#1}::operator()() const::{lambda()#7}::operator()() const::{lambda(float)#1}, std::array<char*, 2ul> >(int, at::native::(anonymous namespace)::launch_clamp_scalar(at::TensorIteratorBase&, c10::Scalar, c10::Scalar, at::native::detail::ClampLimits)::{lambda()#1}::operator()() const::{lambda()#7}::operator()() const::{lambda(float)#1}, std::array<char*, 2ul>)",2.585600000000068
224,256,fc2,aten::addmm,13.042899999999985
224,256,fc2,Activity Buffer Request,1.4048000000000003
224,256,fc2,volta_sgemm_32x128_tn,10.079699999999992
224,256,fc2,"void cublasLt::splitKreduce_kernel<32, 16, int, float, float, float, float, false, float, float, float, true, true, false>(cublasLt::cublasSplitKParams<float>, float const*, float const*, float*, float*, float const*, float const*, float const*, float const*, float*, void*, long, float*, int*, float*, float*, float const*, float const*, float const*, float const*, float const*)",2.9631999999999947
256,1,conv1,aten::cudnn_convolution,50.91360000000001
256,1,conv1,Activity Buffer Request,5.247800000000007
256,1,conv1,"void cask__5x_cudnn::computeOffsetsKernel<false, false>(cask__5x_cudnn::ComputeOffsetsParams)",1.9614999999999667
256,1,conv1,_5x_cudnn_volta_scudnn_128x32_relu_medium_nn_v1,48.952100000000044
256,1,pool1,aten::max_pool2d_with_indices,12.569200000000023
256,1,pool1,Activity Buffer Request,1.7248000000000048
256,1,pool1,"void at::native::(anonymous namespace)::max_pool_forward_nchw<float, int>(int, float const*, long, long, long, int, int, int, int, int, int, int, int, int, int, float*, long*)",12.569200000000023
256,1,conv2,aten::cudnn_convolution,106.1501999999999
256,1,conv2,Activity Buffer Request,11.084500000000002
256,1,conv2,"void cudnn::engines_precompiled::nchwToNhwcKernel<float, float, float, false, true, (cudnnKernelDataType_t)0>(cudnn::engines_precompiled::nchw2nhwc_params_t<float>, float const*, float*)",5.689499999999998
256,1,conv2,"void cask__5x_cudnn::computeOffsetsKernel<false, false>(cask__5x_cudnn::ComputeOffsetsParams)",1.6669999999999618
256,1,conv2,_5x_cudnn_volta_scudnn_128x32_sliced1x4_ldg4_relu_exp_medium_nhwc_tn_v1,94.70729999999996
256,1,conv2,"void cudnn::engines_precompiled::nhwcToNchwKernel<float, float, float, true, false, (cudnnKernelDataType_t)0>(cudnn::engines_precompiled::nhwc2nchw_params_t<float>, float const*, float*)",4.086399999999981
256,1,conv3,aten::cudnn_convolution,47.403199999999984
256,1,conv3,Activity Buffer Request,5.340599999999995
256,1,conv3,"void cudnn::engines_precompiled::nchwToNhwcKernel<float, float, float, false, true, (cudnnKernelDataType_t)0>(cudnn::engines_precompiled::nchw2nhwc_params_t<float>, float const*, float*)",8.114899999999977
256,1,conv3,"void cask__5x_cudnn::computeOffsetsKernel<false, false>(cask__5x_cudnn::ComputeOffsetsParams)",1.5966999999999871
256,1,conv3,_5x_cudnn_volta_scudnn_128x32_sliced1x4_ldg4_relu_exp_medium_nhwc_tn_v1,35.01970000000004
256,1,conv3,"void cudnn::engines_precompiled::nhwcToNchwKernel<float, float, float, true, false, (cudnnKernelDataType_t)0>(cudnn::engines_precompiled::nhwc2nchw_params_t<float>, float const*, float*)",2.671899999999971
256,1,conv4,aten::cudnn_convolution,16.863400000000002
256,1,conv4,Activity Buffer Request,1.894399999999996
256,1,conv4,volta_sgemm_128x64_nn,16.863400000000002
256,1,conv5,aten::cudnn_convolution,150.9254999999998
256,1,conv5,Activity Buffer Request,14.924199999999995
256,1,conv5,"void cudnn::engines_precompiled::nchwToNhwcKernel<float, float, float, false, true, (cudnnKernelDataType_t)0>(cudnn::engines_precompiled::nchw2nhwc_params_t<float>, float const*, float*)",31.768199999999958
256,1,conv5,"void cask__5x_cudnn::computeOffsetsKernel<false, false>(cask__5x_cudnn::ComputeOffsetsParams)",2.163099999999963
256,1,conv5,_5x_cudnn_volta_scudnn_128x32_sliced1x4_ldg4_relu_exp_medium_nhwc_tn_v1,114.70939999999996
256,1,conv5,"void cudnn::engines_precompiled::nhwcToNchwKernel<float, float, float, true, false, (cudnnKernelDataType_t)0>(cudnn::engines_precompiled::nhwc2nchw_params_t<float>, float const*, float*)",2.2847999999999273
256,1,conv6,aten::cudnn_convolution,19.79739999999997
256,1,conv6,Activity Buffer Request,2.425499999999988
256,1,conv6,volta_sgemm_128x32_nn,19.79739999999997
256,1,pool2,aten::mean,3.0718000000000076
256,1,pool2,Activity Buffer Request,0.31670000000001436
256,1,pool2,"void at::native::reduce_kernel<512, 1, at::native::ReduceOp<float, at::native::MeanOps<float, float, float, float>, unsigned int, float, 4, 4> >(at::native::ReduceOp<float, at::native::MeanOps<float, float, float, float>, unsigned int, float, 4, 4>)",3.0718000000000076
256,1,fc1,aten::addmm,3.065399999999977
256,1,fc1,Activity Buffer Request,0.4
256,1,fc1,"std::enable_if<!(false), void>::type internal::gemvx::kernel<int, int, float, float, float, float, false, true, true, false, 7, false, cublasGemvParamsEx<int, cublasGemvTensorStridedBatched<float const>, cublasGemvTensorStridedBatched<float const>, cublasGemvTensorStridedBatched<float>, float> >(cublasGemvParamsEx<int, cublasGemvTensorStridedBatched<float const>, cublasGemvTensorStridedBatched<float const>, cublasGemvTensorStridedBatched<float>, float>)",3.065399999999977
256,1,relu,aten::clamp_min_,1.4720000000000142
256,1,relu,Activity Buffer Request,0.15040000000000192
256,1,relu,"void at::native::vectorized_elementwise_kernel<4, at::native::(anonymous namespace)::launch_clamp_scalar(at::TensorIteratorBase&, c10::Scalar, c10::Scalar, at::native::detail::ClampLimits)::{lambda()#1}::operator()() const::{lambda()#7}::operator()() const::{lambda(float)#1}, std::array<char*, 2ul> >(int, at::native::(anonymous namespace)::launch_clamp_scalar(at::TensorIteratorBase&, c10::Scalar, c10::Scalar, at::native::detail::ClampLimits)::{lambda()#1}::operator()() const::{lambda()#7}::operator()() const::{lambda(float)#1}, std::array<char*, 2ul>)",1.4720000000000142
256,1,fc2,aten::addmm,2.93739999999998
256,1,fc2,Activity Buffer Request,0.294399999999996
256,1,fc2,"std::enable_if<!(false), void>::type internal::gemvx::kernel<int, int, float, float, float, float, false, true, true, false, 7, false, cublasGemvParamsEx<int, cublasGemvTensorStridedBatched<float const>, cublasGemvTensorStridedBatched<float const>, cublasGemvTensorStridedBatched<float>, float> >(cublasGemvParamsEx<int, cublasGemvTensorStridedBatched<float const>, cublasGemvTensorStridedBatched<float const>, cublasGemvTensorStridedBatched<float>, float>)",2.93739999999998
256,8,conv1,aten::cudnn_convolution,258.64759999999995
256,8,conv1,Activity Buffer Request,26.053500000000007
256,8,conv1,"void cask__5x_cudnn::computeOffsetsKernel<false, false>(cask__5x_cudnn::ComputeOffsetsParams)",2.2559999999999945
256,8,conv1,_5x_cudnn_volta_scudnn_128x32_relu_medium_nn_v1,256.3916
256,8,pool1,aten::max_pool2d_with_indices,125.43949999999995
256,8,pool1,Activity Buffer Request,12.182000000000006
256,8,pool1,"void at::native::(anonymous namespace)::max_pool_forward_nchw<float, int>(int, float const*, long, long, long, int, int, int, int, int, int, int, int, int, int, float*, long*)",125.43949999999995
256,8,conv2,aten::cudnn_convolution,522.3633999999997
256,8,conv2,Activity Buffer Request,52.315099999999994
256,8,conv2,"void cask__5x_cudnn::computeOffsetsKernel<false, false>(cask__5x_cudnn::ComputeOffsetsParams)",2.2303999999999062
256,8,conv2,_5x_cudnn_volta_scudnn_128x64_relu_xregs_large_nn_v1,520.1329999999998
256,8,conv3,aten::cudnn_convolution,230.32900000000004
256,8,conv3,Activity Buffer Request,23.020699999999987
256,8,conv3,"void cask__5x_cudnn::computeOffsetsKernel<false, false>(cask__5x_cudnn::ComputeOffsetsParams)",2.1631999999999834
256,8,conv3,_5x_cudnn_volta_scudnn_128x64_relu_xregs_large_nn_v1,228.16580000000005
256,8,conv4,aten::cudnn_convolution,92.50539999999994
256,8,conv4,Activity Buffer Request,9.071699999999987
256,8,conv4,volta_sgemm_128x64_nn,92.50539999999994
256,8,conv5,aten::cudnn_convolution,543.9486999999999
256,8,conv5,Activity Buffer Request,54.391700000000014
256,8,conv5,"void implicit_convolve_sgemm<float, float, 512, 6, 8, 3, 3, 5, 1, false, false, true>(int, int, int, float const*, int, float*, float const*, kernel_conv_params, unsigned long long, int, float, float, int, float const*, float const*, bool, bool, int, int)",543.9486999999999
256,8,conv6,aten::cudnn_convolution,107.69059999999993
256,8,conv6,Activity Buffer Request,10.790499999999975
256,8,conv6,"void cask__5x_cudnn::computeOffsetsKernel<false, false>(cask__5x_cudnn::ComputeOffsetsParams)",2.115299999999934
256,8,conv6,_5x_cudnn_volta_scudnn_128x64_relu_small_nn_v1,105.5753
256,8,pool2,aten::mean,10.518100000000015
256,8,pool2,Activity Buffer Request,1.8783000000000016
256,8,pool2,"void at::native::reduce_kernel<512, 1, at::native::ReduceOp<float, at::native::MeanOps<float, float, float, float>, unsigned int, float, 4, 4> >(at::native::ReduceOp<float, at::native::MeanOps<float, float, float, float>, unsigned int, float, 4, 4>)",10.518100000000015
256,8,fc1,aten::addmm,6.028699999999981
256,8,fc1,Activity Buffer Request,0.5855999999999995
256,8,fc1,"void gemmSN_TN_kernel<float, 128, 16, 2, 4, 8, 9, false, cublasGemvTensorStridedBatched<float const>, cublasGemvTensorStridedBatched<float const>, cublasGemvTensorStridedBatched<float> >(cublasGemmSmallNParams<cublasGemvTensorStridedBatched<float const>, cublasGemvTensorStridedBatched<float const>, cublasGemvTensorStridedBatched<float>, float>)",6.028699999999981
256,8,relu,aten::clamp_min_,1.3983999999999923
256,8,relu,Activity Buffer Request,0.14400000000000546
256,8,relu,"void at::native::vectorized_elementwise_kernel<4, at::native::(anonymous namespace)::launch_clamp_scalar(at::TensorIteratorBase&, c10::Scalar, c10::Scalar, at::native::detail::ClampLimits)::{lambda()#1}::operator()() const::{lambda()#7}::operator()() const::{lambda(float)#1}, std::array<char*, 2ul> >(int, at::native::(anonymous namespace)::launch_clamp_scalar(at::TensorIteratorBase&, c10::Scalar, c10::Scalar, at::native::detail::ClampLimits)::{lambda()#1}::operator()() const::{lambda()#7}::operator()() const::{lambda(float)#1}, std::array<char*, 2ul>)",1.3983999999999923
256,8,fc2,aten::addmm,3.5935000000000175
256,8,fc2,Activity Buffer Request,0.3583999999999833
256,8,fc2,"void gemmSN_TN_kernel<float, 128, 16, 2, 4, 8, 9, false, cublasGemvTensorStridedBatched<float const>, cublasGemvTensorStridedBatched<float const>, cublasGemvTensorStridedBatched<float> >(cublasGemmSmallNParams<cublasGemvTensorStridedBatched<float const>, cublasGemvTensorStridedBatched<float const>, cublasGemvTensorStridedBatched<float>, float>)",3.5935000000000175
256,64,conv1,aten::cudnn_convolution,2186.4888000000005
256,64,conv1,Activity Buffer Request,199.5455
256,64,conv1,"void cask__5x_cudnn::computeOffsetsKernel<false, false>(cask__5x_cudnn::ComputeOffsetsParams)",2.432000000000312
256,64,conv1,_5x_cudnn_volta_scudnn_128x32_relu_medium_nn_v1,2184.0568000000003
256,64,pool1,aten::max_pool2d_with_indices,1074.5562
256,64,pool1,Activity Buffer Request,111.42669999999998
256,64,pool1,"void at::native::(anonymous namespace)::max_pool_forward_nchw<float, int>(int, float const*, long, long, long, int, int, int, int, int, int, int, int, int, int, float*, long*)",1074.5562
256,64,conv2,aten::cudnn_convolution,4181.530000000001
256,64,conv2,Activity Buffer Request,399.35450000000003
256,64,conv2,"void cudnn::winograd_nonfused::winogradForwardData9x9_5x5<float, float>(cudnn::winograd_nonfused::WinogradDataParams<float, float>)",1304.6363000000001
256,64,conv2,"void cudnn::winograd_nonfused::winogradForwardFilter9x9_5x5<float, float>(cudnn::winograd_nonfused::WinogradFilterParams<float, float>)",9.039700000000085
256,64,conv2,volta_sgemm_128x64_nn,1229.9763000000003
256,64,conv2,"void cudnn::winograd_nonfused::winogradForwardOutput9x9_5x5<float, float>(cudnn::winograd_nonfused::WinogradOutputParams<float, float>)",1637.8776999999998
256,64,conv3,aten::cudnn_convolution,1880.0895999999993
256,64,conv3,Activity Buffer Request,180.7842
256,64,conv3,"void cask__5x_cudnn::computeOffsetsKernel<false, false>(cask__5x_cudnn::ComputeOffsetsParams)",2.7486999999999853
256,64,conv3,_5x_cudnn_volta_scudnn_128x64_relu_xregs_large_nn_v1,1877.3408999999997
256,64,conv4,aten::cudnn_convolution,881.3354000000003
256,64,conv4,Activity Buffer Request,88.11530000000002
256,64,conv4,volta_sgemm_128x64_nn,881.3354000000003
256,64,conv5,aten::cudnn_convolution,4614.6607
256,64,conv5,Activity Buffer Request,439.4956
256,64,conv5,"void cask__5x_cudnn::computeOffsetsKernel<false, false>(cask__5x_cudnn::ComputeOffsetsParams)",3.295800000000213
256,64,conv5,_5x_cudnn_volta_scudnn_128x64_relu_xregs_large_nn_v1,4611.3649
256,64,conv6,aten::cudnn_convolution,1043.7003
256,64,conv6,Activity Buffer Request,107.37899999999999
256,64,conv6,"void cask__5x_cudnn::computeOffsetsKernel<false, false>(cask__5x_cudnn::ComputeOffsetsParams)",3.212800000000061
256,64,conv6,_5x_cudnn_volta_scudnn_128x128_relu_medium_nn_v1,1040.4875
256,64,pool2,aten::mean,131.47710000000004
256,64,pool2,Activity Buffer Request,13.056200000000013
256,64,pool2,"void at::native::reduce_kernel<512, 1, at::native::ReduceOp<float, at::native::MeanOps<float, float, float, float>, unsigned int, float, 4, 4> >(at::native::ReduceOp<float, at::native::MeanOps<float, float, float, float>, unsigned int, float, 4, 4>)",131.47710000000004
256,64,fc1,aten::addmm,14.540299999999934
256,64,fc1,Activity Buffer Request,1.5742999999999938
256,64,fc1,volta_sgemm_64x32_sliced1x4_tn,11.785099999999966
256,64,fc1,"void cublasLt::splitKreduce_kernel<32, 16, int, float, float, float, float, false, float, float, float, true, true, false>(cublasLt::cublasSplitKParams<float>, float const*, float const*, float*, float*, float const*, float const*, float const*, float const*, float*, void*, long, float*, int*, float*, float*, float const*, float const*, float const*, float const*, float const*)",2.755199999999968
256,64,relu,aten::clamp_min_,1.7086999999998624
256,64,relu,Activity Buffer Request,0.16959999999999126
256,64,relu,"void at::native::vectorized_elementwise_kernel<4, at::native::(anonymous namespace)::launch_clamp_scalar(at::TensorIteratorBase&, c10::Scalar, c10::Scalar, at::native::detail::ClampLimits)::{lambda()#1}::operator()() const::{lambda()#7}::operator()() const::{lambda(float)#1}, std::array<char*, 2ul> >(int, at::native::(anonymous namespace)::launch_clamp_scalar(at::TensorIteratorBase&, c10::Scalar, c10::Scalar, at::native::detail::ClampLimits)::{lambda()#1}::operator()() const::{lambda()#7}::operator()() const::{lambda(float)#1}, std::array<char*, 2ul>)",1.7086999999998624
256,64,fc2,aten::addmm,9.673400000000015
256,64,fc2,Activity Buffer Request,0.9663999999999987
256,64,fc2,volta_sgemm_32x32_sliced1x4_tn,9.673400000000015
256,111,conv1,aten::cudnn_convolution,30430.065800000004
256,111,conv1,Activity Buffer Request,3042.7134999999976
256,111,conv1,"void fft2d_r2c_32x32<float, false, 1u, true>(float2*, float const*, int, int, int, int, int, int, int, int, int, cudnn::reduced_divisor, bool, int2, int, int)",19.324299999997244
256,111,conv1,"void fft2d_r2c_32x32<float, false, 0u, false>(float2*, float const*, int, int, int, int, int, int, int, int, int, cudnn::reduced_divisor, bool, int2, int, int)",3684.7683999999995
256,111,conv1,volta_gcgemm_32x32_nt,10253.01120000004
256,111,conv1,"void fft2d_c2r_32x32<float, true, false, 0u, false, false>(float*, float2 const*, int, int, int, int, int, int, int, int, int, float, float, cudnn::reduced_divisor, bool, float*, float*, int2, cudnnActivationStruct, int, int)",16472.961899999984
256,111,conv1,Command Buffer Full,1352423.6586000002
256,111,pool1,aten::max_pool2d_with_indices,2740.782
256,111,pool1,Activity Buffer Request,274.0177
256,111,pool1,"void at::native::(anonymous namespace)::max_pool_forward_nchw<float, int>(int, float const*, long, long, long, int, int, int, int, int, int, int, int, int, int, float*, long*)",2740.782
256,111,conv2,aten::cudnn_convolution,9720.960700000003
256,111,conv2,Activity Buffer Request,972.0278999999998
256,111,conv2,"void cudnn::winograd_nonfused::winogradForwardData9x9_5x5<float, float>(cudnn::winograd_nonfused::WinogradDataParams<float, float>)",3067.157
256,111,conv2,"void cudnn::winograd_nonfused::winogradForwardFilter9x9_5x5<float, float>(cudnn::winograd_nonfused::WinogradFilterParams<float, float>)",13.795000000002256
256,111,conv2,volta_sgemm_128x64_nn,2545.097500000001
256,111,conv2,"void cudnn::winograd_nonfused::winogradForwardOutput9x9_5x5<float, float>(cudnn::winograd_nonfused::WinogradOutputParams<float, float>)",4094.9112
256,111,conv3,aten::cudnn_convolution,4348.0451
256,111,conv3,Activity Buffer Request,593.6727999999999
256,111,conv3,"void cask__5x_cudnn::computeOffsetsKernel<false, false>(cask__5x_cudnn::ComputeOffsetsParams)",3.459100000000535
256,111,conv3,_5x_cudnn_volta_scudnn_128x64_relu_xregs_large_nn_v1,4344.586
256,111,conv4,aten::cudnn_convolution,1784.7245999999996
256,111,conv4,Activity Buffer Request,186.7106
256,111,conv4,volta_sgemm_128x64_nn,1784.7245999999996
256,111,conv5,aten::cudnn_convolution,8417.6702
256,111,conv5,Activity Buffer Request,848.5601
256,111,conv5,"void cask__5x_cudnn::computeOffsetsKernel<false, false>(cask__5x_cudnn::ComputeOffsetsParams)",3.4144000000003416
256,111,conv5,_5x_cudnn_volta_scudnn_128x64_relu_xregs_large_nn_v1,8414.255799999999
256,111,conv6,aten::cudnn_convolution,1673.2989999999995
256,111,conv6,Activity Buffer Request,177.84380000000002
256,111,conv6,"void cask__5x_cudnn::computeOffsetsKernel<false, false>(cask__5x_cudnn::ComputeOffsetsParams)",3.0367999999997664
256,111,conv6,_5x_cudnn_volta_scudnn_128x128_relu_medium_nn_v1,1670.2621999999997
256,111,pool2,aten::mean,223.6845
256,111,pool2,Activity Buffer Request,22.290399999999998
256,111,pool2,"void at::native::reduce_kernel<512, 1, at::native::ReduceOp<float, at::native::MeanOps<float, float, float, float>, unsigned int, float, 4, 4> >(at::native::ReduceOp<float, at::native::MeanOps<float, float, float, float>, unsigned int, float, 4, 4>)",223.6845
256,111,fc1,aten::addmm,23.922499999999992
256,111,fc1,Activity Buffer Request,2.5311000000000035
256,111,fc1,volta_sgemm_128x32_tn,20.194500000000005
256,111,fc1,"void cublasLt::splitKreduce_kernel<32, 16, int, float, float, float, float, false, float, float, float, true, true, false>(cublasLt::cublasSplitKParams<float>, float const*, float const*, float*, float*, float const*, float const*, float const*, float const*, float*, void*, long, float*, int*, float*, float*, float const*, float const*, float const*, float const*, float const*)",3.727999999999986
256,111,relu,aten::clamp_min_,1.9006999999999834
256,111,relu,Activity Buffer Request,0.188799999999992
256,111,relu,"void at::native::vectorized_elementwise_kernel<4, at::native::(anonymous namespace)::launch_clamp_scalar(at::TensorIteratorBase&, c10::Scalar, c10::Scalar, at::native::detail::ClampLimits)::{lambda()#1}::operator()() const::{lambda()#7}::operator()() const::{lambda(float)#1}, std::array<char*, 2ul> >(int, at::native::(anonymous namespace)::launch_clamp_scalar(at::TensorIteratorBase&, c10::Scalar, c10::Scalar, at::native::detail::ClampLimits)::{lambda()#1}::operator()() const::{lambda()#7}::operator()() const::{lambda(float)#1}, std::array<char*, 2ul>)",1.9006999999999834
256,111,fc2,aten::addmm,10.354799999999932
256,111,fc2,Activity Buffer Request,1.0527999999999793
256,111,fc2,volta_sgemm_128x32_tn,7.855699999999979
256,111,fc2,"void cublasLt::splitKreduce_kernel<32, 16, int, float, float, float, float, false, float, float, float, true, true, false>(cublasLt::cublasSplitKParams<float>, float const*, float const*, float*, float*, float const*, float const*, float const*, float const*, float*, void*, long, float*, int*, float*, float*, float const*, float const*, float const*, float const*, float const*)",2.4990999999999532
256,128,conv1,aten::cudnn_convolution,34365.677299999996
256,128,conv1,Activity Buffer Request,3448.1271
256,128,conv1,"void fft2d_r2c_32x32<float, false, 1u, true>(float2*, float const*, int, int, int, int, int, int, int, int, int, cudnn::reduced_divisor, bool, int2, int, int)",24.524000000003138
256,128,conv1,"void fft2d_r2c_32x32<float, false, 0u, false>(float2*, float const*, int, int, int, int, int, int, int, int, int, cudnn::reduced_divisor, bool, int2, int, int)",3695.7072999999727
256,128,conv1,volta_gcgemm_32x32_nt,11838.440900000005
256,128,conv1,"void fft2d_c2r_32x32<float, true, false, 0u, false, false>(float*, float2 const*, int, int, int, int, int, int, int, int, int, float, float, cudnn::reduced_divisor, bool, float*, float*, int2, cudnnActivationStruct, int, int)",18807.005100000006
256,128,conv1,Command Buffer Full,1590878.6289999986
256,128,pool1,aten::max_pool2d_with_indices,3158.719
256,128,pool1,Activity Buffer Request,315.7749
256,128,pool1,"void at::native::(anonymous namespace)::max_pool_forward_nchw<float, int>(int, float const*, long, long, long, int, int, int, int, int, int, int, int, int, int, float*, long*)",3158.719
256,128,conv2,aten::cudnn_convolution,10727.891300000003
256,128,conv2,Activity Buffer Request,1111.655
256,128,conv2,"void cudnn::winograd_nonfused::winogradForwardData9x9_5x5<float, float>(cudnn::winograd_nonfused::WinogradDataParams<float, float>)",3381.817900000001
256,128,conv2,"void cudnn::winograd_nonfused::winogradForwardFilter9x9_5x5<float, float>(cudnn::winograd_nonfused::WinogradFilterParams<float, float>)",13.33380000000152
256,128,conv2,volta_sgemm_128x64_nn,2810.992399999999
256,128,conv2,"void cudnn::winograd_nonfused::winogradForwardOutput9x9_5x5<float, float>(cudnn::winograd_nonfused::WinogradOutputParams<float, float>)",4521.747200000001
256,128,conv3,aten::cudnn_convolution,4610.644399999999
256,128,conv3,Activity Buffer Request,424.6704999999999
256,128,conv3,"void cask__5x_cudnn::computeOffsetsKernel<false, false>(cask__5x_cudnn::ComputeOffsetsParams)",3.3086999999994307
256,128,conv3,_5x_cudnn_volta_scudnn_128x64_relu_xregs_large_nn_v1,4607.3357
256,128,conv4,aten::cudnn_convolution,1876.0440999999998
256,128,conv4,Activity Buffer Request,187.82709999999997
256,128,conv4,volta_sgemm_128x64_nn,1876.0440999999998
256,128,conv5,aten::cudnn_convolution,9913.293300000001
256,128,conv5,Activity Buffer Request,960.9284
256,128,conv5,"void cask__5x_cudnn::computeOffsetsKernel<false, false>(cask__5x_cudnn::ComputeOffsetsParams)",3.468800000002193
256,128,conv5,_5x_cudnn_volta_scudnn_128x64_relu_xregs_large_nn_v1,9909.824499999999
256,128,conv6,aten::cudnn_convolution,2001.3029999999999
256,128,conv6,Activity Buffer Request,199.95170000000002
256,128,conv6,"void cask__5x_cudnn::computeOffsetsKernel<false, false>(cask__5x_cudnn::ComputeOffsetsParams)",3.1424000000002024
256,128,conv6,_5x_cudnn_volta_scudnn_128x128_relu_medium_nn_v1,1998.1605999999997
256,128,pool2,aten::mean,259.0819000000001
256,128,pool2,Activity Buffer Request,25.826300000000014
256,128,pool2,"void at::native::reduce_kernel<512, 1, at::native::ReduceOp<float, at::native::MeanOps<float, float, float, float>, unsigned int, float, 4, 4> >(at::native::ReduceOp<float, at::native::MeanOps<float, float, float, float>, unsigned int, float, 4, 4>)",259.0819000000001
256,128,fc1,aten::addmm,22.194400000000066
256,128,fc1,Activity Buffer Request,2.380800000000022
256,128,fc1,volta_sgemm_128x32_tn,18.824900000000024
256,128,fc1,"void cublasLt::splitKreduce_kernel<32, 16, int, float, float, float, float, false, float, float, float, true, true, false>(cublasLt::cublasSplitKParams<float>, float const*, float const*, float*, float*, float const*, float const*, float const*, float const*, float*, void*, long, float*, int*, float*, float*, float const*, float const*, float const*, float const*, float const*)",3.369500000000039
256,128,relu,aten::clamp_min_,2.0383000000000266
256,128,relu,Activity Buffer Request,0.21759999999999308
256,128,relu,"void at::native::vectorized_elementwise_kernel<4, at::native::(anonymous namespace)::launch_clamp_scalar(at::TensorIteratorBase&, c10::Scalar, c10::Scalar, at::native::detail::ClampLimits)::{lambda()#1}::operator()() const::{lambda()#7}::operator()() const::{lambda(float)#1}, std::array<char*, 2ul> >(int, at::native::(anonymous namespace)::launch_clamp_scalar(at::TensorIteratorBase&, c10::Scalar, c10::Scalar, at::native::detail::ClampLimits)::{lambda()#1}::operator()() const::{lambda()#7}::operator()() const::{lambda(float)#1}, std::array<char*, 2ul>)",2.0383000000000266
256,128,fc2,aten::addmm,10.057300000000009
256,128,fc2,Activity Buffer Request,1.0335000000000036
256,128,fc2,volta_sgemm_32x128_tn,7.711799999999994
256,128,fc2,"void cublasLt::splitKreduce_kernel<32, 16, int, float, float, float, float, false, float, float, float, true, true, false>(cublasLt::cublasSplitKParams<float>, float const*, float const*, float*, float*, float const*, float const*, float const*, float const*, float*, void*, long, float*, int*, float*, float*, float const*, float const*, float const*, float const*, float const*)",2.3455000000000155
256,256,conv1,aten::cudnn_convolution,64245.602699999836
256,256,conv1,Activity Buffer Request,6630.0653999999995
256,256,conv1,"void fft2d_r2c_32x32<float, false, 1u, true>(float2*, float const*, int, int, int, int, int, int, int, int, int, cudnn::reduced_divisor, bool, int2, int, int)",24.89490000000726
256,256,conv1,"void fft2d_r2c_32x32<float, false, 0u, false>(float2*, float const*, int, int, int, int, int, int, int, int, int, cudnn::reduced_divisor, bool, int2, int, int)",6955.464199999956
256,256,conv1,volta_gcgemm_32x32_nt,21177.452399999835
256,256,conv1,"void fft2d_c2r_32x32<float, true, false, 0u, false, false>(float*, float2 const*, int, int, int, int, int, int, int, int, int, float, float, cudnn::reduced_divisor, bool, float*, float*, int2, cudnnActivationStruct, int, int)",36087.79119999998
256,256,conv1,Command Buffer Full,3604997.345899997
256,256,pool1,aten::max_pool2d_with_indices,6310.146900000001
256,256,pool1,Activity Buffer Request,630.8902
256,256,pool1,"void at::native::(anonymous namespace)::max_pool_forward_nchw<float, int>(int, float const*, long, long, long, int, int, int, int, int, int, int, int, int, int, float*, long*)",6310.146900000001
256,256,conv2,aten::cudnn_convolution,17773.475400000003
256,256,conv2,Activity Buffer Request,1824.0433
256,256,conv2,"void cudnn::winograd_nonfused::winogradForwardData9x9_5x5<float, float>(cudnn::winograd_nonfused::WinogradDataParams<float, float>)",5228.874100000001
256,256,conv2,"void cudnn::winograd_nonfused::winogradForwardFilter9x9_5x5<float, float>(cudnn::winograd_nonfused::WinogradFilterParams<float, float>)",10.930800000001273
256,256,conv2,volta_sgemm_128x64_nn,5016.324699999997
256,256,conv2,"void cudnn::winograd_nonfused::winogradForwardOutput9x9_5x5<float, float>(cudnn::winograd_nonfused::WinogradOutputParams<float, float>)",7517.345800000001
256,256,conv3,aten::cudnn_convolution,10540.6376
256,256,conv3,Activity Buffer Request,1106.9701
256,256,conv3,"void cask__5x_cudnn::computeOffsetsKernel<false, false>(cask__5x_cudnn::ComputeOffsetsParams)",3.6541999999996277
256,256,conv3,_5x_cudnn_volta_scudnn_128x64_relu_xregs_large_nn_v1,10536.983400000001
256,256,conv4,aten::cudnn_convolution,4354.7257
256,256,conv4,Activity Buffer Request,425.25879999999995
256,256,conv4,volta_sgemm_128x64_nn,4354.7257
256,256,conv5,aten::cudnn_convolution,19694.090299999996
256,256,conv5,Activity Buffer Request,1921.5821999999996
256,256,conv5,"void cask__5x_cudnn::computeOffsetsKernel<false, false>(cask__5x_cudnn::ComputeOffsetsParams)",3.487900000001332
256,256,conv5,_5x_cudnn_volta_scudnn_128x64_relu_xregs_large_nn_v1,19690.602399999996
256,256,conv6,aten::cudnn_convolution,4130.923500000001
256,256,conv6,Activity Buffer Request,394.90790000000004
256,256,conv6,"void cask__5x_cudnn::computeOffsetsKernel<false, false>(cask__5x_cudnn::ComputeOffsetsParams)",3.2446999999993524
256,256,conv6,_5x_cudnn_volta_scudnn_128x128_relu_medium_nn_v1,4127.678800000001
256,256,pool2,aten::mean,509.4363000000002
256,256,pool2,Activity Buffer Request,50.88480000000002
256,256,pool2,"void at::native::reduce_kernel<512, 1, at::native::ReduceOp<float, at::native::MeanOps<float, float, float, float>, unsigned int, float, 4, 4> >(at::native::ReduceOp<float, at::native::MeanOps<float, float, float, float>, unsigned int, float, 4, 4>)",509.4363000000002
256,256,fc1,aten::addmm,36.21630000000018
256,256,fc1,Activity Buffer Request,3.7406000000000175
256,256,fc1,volta_sgemm_128x64_tn,30.011600000000158
256,256,fc1,"void cublasLt::splitKreduce_kernel<32, 16, int, float, float, float, float, false, float, float, float, true, true, false>(cublasLt::cublasSplitKParams<float>, float const*, float const*, float*, float*, float const*, float const*, float const*, float const*, float*, void*, long, float*, int*, float*, float*, float const*, float const*, float const*, float const*, float const*)",6.204700000000026
256,256,relu,aten::clamp_min_,2.1920000000000073
256,256,relu,Activity Buffer Request,0.23040000000000874
256,256,relu,"void at::native::vectorized_elementwise_kernel<4, at::native::(anonymous namespace)::launch_clamp_scalar(at::TensorIteratorBase&, c10::Scalar, c10::Scalar, at::native::detail::ClampLimits)::{lambda()#1}::operator()() const::{lambda()#7}::operator()() const::{lambda(float)#1}, std::array<char*, 2ul> >(int, at::native::(anonymous namespace)::launch_clamp_scalar(at::TensorIteratorBase&, c10::Scalar, c10::Scalar, at::native::detail::ClampLimits)::{lambda()#1}::operator()() const::{lambda()#7}::operator()() const::{lambda(float)#1}, std::array<char*, 2ul>)",2.1920000000000073
256,256,fc2,aten::addmm,13.823700000000008
256,256,fc2,Activity Buffer Request,1.4399999999999864
256,256,fc2,volta_sgemm_32x128_tn,10.694199999999977
256,256,fc2,"void cublasLt::splitKreduce_kernel<32, 16, int, float, float, float, float, false, float, float, float, true, true, false>(cublasLt::cublasSplitKParams<float>, float const*, float const*, float*, float*, float const*, float const*, float const*, float const*, float*, void*, long, float*, int*, float*, float*, float const*, float const*, float const*, float const*, float const*)",3.12950000000003
384,1,conv1,aten::cudnn_convolution,92.54440000000002
384,1,conv1,Activity Buffer Request,9.235000000000014
384,1,conv1,"void cask__5x_cudnn::computeOffsetsKernel<false, false>(cask__5x_cudnn::ComputeOffsetsParams)",2.5023000000000137
384,1,conv1,_5x_cudnn_volta_scudnn_128x32_relu_medium_nn_v1,90.0421
384,1,pool1,aten::max_pool2d_with_indices,37.845000000000006
384,1,pool1,Activity Buffer Request,3.5007000000000064
384,1,pool1,"void at::native::(anonymous namespace)::max_pool_forward_nchw<float, int>(int, float const*, long, long, long, int, int, int, int, int, int, int, int, int, int, float*, long*)",37.845000000000006
384,1,conv2,aten::cudnn_convolution,161.29049999999998
384,1,conv2,Activity Buffer Request,16.252200000000006
384,1,conv2,"void cask__5x_cudnn::computeOffsetsKernel<false, false>(cask__5x_cudnn::ComputeOffsetsParams)",1.9263999999999442
384,1,conv2,_5x_cudnn_volta_scudnn_128x64_relu_xregs_large_nn_v1,159.36410000000004
384,1,conv3,aten::cudnn_convolution,111.92000000000007
384,1,conv3,Activity Buffer Request,11.330899999999996
384,1,conv3,"void cask__5x_cudnn::computeOffsetsKernel<false, false>(cask__5x_cudnn::ComputeOffsetsParams)",1.6320000000000392
384,1,conv3,_5x_cudnn_volta_scudnn_128x128_relu_medium_nn_v1,110.28800000000004
384,1,conv4,aten::cudnn_convolution,30.82740000000001
384,1,conv4,Activity Buffer Request,3.295799999999997
384,1,conv4,volta_sgemm_64x64_nn,30.82740000000001
384,1,conv5,aten::cudnn_convolution,165.92709999999994
384,1,conv5,Activity Buffer Request,16.421899999999983
384,1,conv5,"void cudnn::engines_precompiled::nchwToNhwcKernel<float, float, float, false, true, (cudnnKernelDataType_t)0>(cudnn::engines_precompiled::nchw2nhwc_params_t<float>, float const*, float*)",41.796999999999954
384,1,conv5,"void cask__5x_cudnn::computeOffsetsKernel<false, false>(cask__5x_cudnn::ComputeOffsetsParams)",2.1886000000000196
384,1,conv5,_5x_cudnn_volta_scudnn_128x32_sliced1x4_ldg4_relu_exp_medium_nhwc_tn_v1,118.93029999999999
384,1,conv5,"void cudnn::engines_precompiled::nhwcToNchwKernel<float, float, float, true, false, (cudnnKernelDataType_t)0>(cudnn::engines_precompiled::nhwc2nchw_params_t<float>, float const*, float*)",3.0111999999999624
384,1,conv6,aten::cudnn_convolution,28.706199999999978
384,1,conv6,Activity Buffer Request,3.3503000000000043
384,1,conv6,volta_sgemm_128x64_nn,28.706199999999978
384,1,pool2,aten::mean,4.031900000000041
384,1,pool2,Activity Buffer Request,0.5567999999999984
384,1,pool2,"void at::native::reduce_kernel<512, 1, at::native::ReduceOp<float, at::native::MeanOps<float, float, float, float>, unsigned int, float, 4, 4> >(at::native::ReduceOp<float, at::native::MeanOps<float, float, float, float>, unsigned int, float, 4, 4>)",4.031900000000041
384,1,fc1,aten::addmm,3.1004999999999883
384,1,fc1,Activity Buffer Request,0.4511999999999944
384,1,fc1,"std::enable_if<!(false), void>::type internal::gemvx::kernel<int, int, float, float, float, float, false, true, true, false, 7, false, cublasGemvParamsEx<int, cublasGemvTensorStridedBatched<float const>, cublasGemvTensorStridedBatched<float const>, cublasGemvTensorStridedBatched<float>, float> >(cublasGemvParamsEx<int, cublasGemvTensorStridedBatched<float const>, cublasGemvTensorStridedBatched<float const>, cublasGemvTensorStridedBatched<float>, float>)",3.1004999999999883
384,1,relu,aten::clamp_min_,1.456000000000006
384,1,relu,Activity Buffer Request,0.14400000000000546
384,1,relu,"void at::native::vectorized_elementwise_kernel<4, at::native::(anonymous namespace)::launch_clamp_scalar(at::TensorIteratorBase&, c10::Scalar, c10::Scalar, at::native::detail::ClampLimits)::{lambda()#1}::operator()() const::{lambda()#7}::operator()() const::{lambda(float)#1}, std::array<char*, 2ul> >(int, at::native::(anonymous namespace)::launch_clamp_scalar(at::TensorIteratorBase&, c10::Scalar, c10::Scalar, at::native::detail::ClampLimits)::{lambda()#1}::operator()() const::{lambda()#7}::operator()() const::{lambda(float)#1}, std::array<char*, 2ul>)",1.456000000000006
384,1,fc2,aten::addmm,2.918300000000022
384,1,fc2,Activity Buffer Request,0.2944000000000074
384,1,fc2,"std::enable_if<!(false), void>::type internal::gemvx::kernel<int, int, float, float, float, float, false, true, true, false, 7, false, cublasGemvParamsEx<int, cublasGemvTensorStridedBatched<float const>, cublasGemvTensorStridedBatched<float const>, cublasGemvTensorStridedBatched<float>, float> >(cublasGemvParamsEx<int, cublasGemvTensorStridedBatched<float const>, cublasGemvTensorStridedBatched<float const>, cublasGemvTensorStridedBatched<float>, float>)",2.918300000000022
384,8,conv1,aten::cudnn_convolution,577.0393000000001
384,8,conv1,Activity Buffer Request,57.63000000000002
384,8,conv1,"void cask__5x_cudnn::computeOffsetsKernel<false, false>(cask__5x_cudnn::ComputeOffsetsParams)",2.4511000000000878
384,8,conv1,_5x_cudnn_volta_scudnn_128x32_relu_medium_nn_v1,574.5882
384,8,pool1,aten::max_pool2d_with_indices,278.9931
384,8,pool1,Activity Buffer Request,27.554400000000008
384,8,pool1,"void at::native::(anonymous namespace)::max_pool_forward_nchw<float, int>(int, float const*, long, long, long, int, int, int, int, int, int, int, int, int, int, float*, long*)",278.9931
384,8,conv2,aten::cudnn_convolution,1129.3407000000002
384,8,conv2,Activity Buffer Request,112.99460000000002
384,8,conv2,"void cask__5x_cudnn::computeOffsetsKernel<false, false>(cask__5x_cudnn::ComputeOffsetsParams)",2.291199999999867
384,8,conv2,_5x_cudnn_volta_scudnn_128x64_relu_xregs_large_nn_v1,1127.0495
384,8,conv3,aten::cudnn_convolution,563.4427999999999
384,8,conv3,Activity Buffer Request,56.30520000000001
384,8,conv3,"void cask__5x_cudnn::computeOffsetsKernel<false, false>(cask__5x_cudnn::ComputeOffsetsParams)",2.761499999999944
384,8,conv3,_5x_cudnn_volta_scudnn_128x128_relu_medium_nn_v1,560.6813
384,8,conv4,aten::cudnn_convolution,253.21400000000008
384,8,conv4,Activity Buffer Request,25.493600000000004
384,8,conv4,volta_sgemm_128x64_nn,253.21400000000008
384,8,conv5,aten::cudnn_convolution,1075.3192999999997
384,8,conv5,Activity Buffer Request,107.4587
384,8,conv5,"void cask__5x_cudnn::computeOffsetsKernel<false, false>(cask__5x_cudnn::ComputeOffsetsParams)",2.537600000000134
384,8,conv5,_5x_cudnn_volta_scudnn_128x64_relu_xregs_large_nn_v1,1072.7816999999995
384,8,conv6,aten::cudnn_convolution,284.4521000000001
384,8,conv6,Activity Buffer Request,28.4591
384,8,conv6,"void cask__5x_cudnn::computeOffsetsKernel<false, false>(cask__5x_cudnn::ComputeOffsetsParams)",2.72919999999998
384,8,conv6,_5x_cudnn_volta_scudnn_128x64_relu_small_nn_v1,281.7229000000001
384,8,pool2,aten::mean,43.46090000000002
384,8,pool2,Activity Buffer Request,4.31980000000001
384,8,pool2,"void at::native::reduce_kernel<512, 1, at::native::ReduceOp<float, at::native::MeanOps<float, float, float, float>, unsigned int, float, 4, 4> >(at::native::ReduceOp<float, at::native::MeanOps<float, float, float, float>, unsigned int, float, 4, 4>)",43.46090000000002
384,8,fc1,aten::addmm,8.313299999999993
384,8,fc1,Activity Buffer Request,0.9983999999999924
384,8,fc1,"void gemmSN_TN_kernel<float, 128, 16, 2, 4, 8, 9, false, cublasGemvTensorStridedBatched<float const>, cublasGemvTensorStridedBatched<float const>, cublasGemvTensorStridedBatched<float> >(cublasGemmSmallNParams<cublasGemvTensorStridedBatched<float const>, cublasGemvTensorStridedBatched<float const>, cublasGemvTensorStridedBatched<float>, float>)",8.313299999999993
384,8,relu,aten::clamp_min_,1.8271999999999935
384,8,relu,Activity Buffer Request,0.18239999999998419
384,8,relu,"void at::native::vectorized_elementwise_kernel<4, at::native::(anonymous namespace)::launch_clamp_scalar(at::TensorIteratorBase&, c10::Scalar, c10::Scalar, at::native::detail::ClampLimits)::{lambda()#1}::operator()() const::{lambda()#7}::operator()() const::{lambda(float)#1}, std::array<char*, 2ul> >(int, at::native::(anonymous namespace)::launch_clamp_scalar(at::TensorIteratorBase&, c10::Scalar, c10::Scalar, at::native::detail::ClampLimits)::{lambda()#1}::operator()() const::{lambda()#7}::operator()() const::{lambda(float)#1}, std::array<char*, 2ul>)",1.8271999999999935
384,8,fc2,aten::addmm,4.038199999999961
384,8,fc2,Activity Buffer Request,0.40319999999999256
384,8,fc2,"void gemmSN_TN_kernel<float, 128, 16, 2, 4, 8, 9, false, cublasGemvTensorStridedBatched<float const>, cublasGemvTensorStridedBatched<float const>, cublasGemvTensorStridedBatched<float> >(cublasGemmSmallNParams<cublasGemvTensorStridedBatched<float const>, cublasGemvTensorStridedBatched<float const>, cublasGemvTensorStridedBatched<float>, float>)",4.038199999999961
384,64,conv1,aten::cudnn_convolution,7779.9088
384,64,conv1,Activity Buffer Request,462.8601
384,64,conv1,"void cask__5x_cudnn::computeOffsetsKernel<false, false>(cask__5x_cudnn::ComputeOffsetsParams)",3.7438999999994165
384,64,conv1,_5x_cudnn_volta_scudnn_128x32_relu_medium_nn_v1,7776.164900000001
384,64,pool1,aten::max_pool2d_with_indices,2388.598
384,64,pool1,Activity Buffer Request,238.6383
384,64,pool1,"void at::native::(anonymous namespace)::max_pool_forward_nchw<float, int>(int, float const*, long, long, long, int, int, int, int, int, int, int, int, int, int, float*, long*)",2388.598
384,64,conv2,aten::cudnn_convolution,8945.9308
384,64,conv2,Activity Buffer Request,881.1346000000001
384,64,conv2,"void cudnn::winograd_nonfused::winogradForwardData9x9_5x5<float, float>(cudnn::winograd_nonfused::WinogradDataParams<float, float>)",2801.760100000001
384,64,conv2,"void cudnn::winograd_nonfused::winogradForwardFilter9x9_5x5<float, float>(cudnn::winograd_nonfused::WinogradFilterParams<float, float>)",10.086199999999826
384,64,conv2,volta_sgemm_128x64_nn,2381.9313
384,64,conv2,"void cudnn::winograd_nonfused::winogradForwardOutput9x9_5x5<float, float>(cudnn::winograd_nonfused::WinogradOutputParams<float, float>)",3752.1531999999984
384,64,conv3,aten::cudnn_convolution,4755.5324
384,64,conv3,Activity Buffer Request,444.69480000000004
384,64,conv3,"void cask__5x_cudnn::computeOffsetsKernel<false, false>(cask__5x_cudnn::ComputeOffsetsParams)",3.1134000000000244
384,64,conv3,_5x_cudnn_volta_scudnn_128x128_relu_medium_nn_v1,4752.419
384,64,conv4,aten::cudnn_convolution,1983.571
384,64,conv4,Activity Buffer Request,190.7103
384,64,conv4,volta_sgemm_128x64_nn,1983.571
384,64,conv5,aten::cudnn_convolution,11626.951500000001
384,64,conv5,Activity Buffer Request,1188.7926
384,64,conv5,"void cask__5x_cudnn::computeOffsetsKernel<false, false>(cask__5x_cudnn::ComputeOffsetsParams)",3.6159000000001016
384,64,conv5,_5x_cudnn_volta_scudnn_128x64_relu_xregs_large_nn_v1,11623.335600000002
384,64,conv6,aten::cudnn_convolution,2196.3036
384,64,conv6,Activity Buffer Request,228.8883
384,64,conv6,"void cask__5x_cudnn::computeOffsetsKernel<false, false>(cask__5x_cudnn::ComputeOffsetsParams)",3.068600000000356
384,64,conv6,_5x_cudnn_volta_scudnn_128x128_relu_medium_nn_v1,2193.2349999999997
384,64,pool2,aten::mean,300.87569999999994
384,64,pool2,Activity Buffer Request,30.040499999999998
384,64,pool2,"void at::native::reduce_kernel<512, 1, at::native::ReduceOp<float, at::native::MeanOps<float, float, float, float>, unsigned int, float, 4, 4> >(at::native::ReduceOp<float, at::native::MeanOps<float, float, float, float>, unsigned int, float, 4, 4>)",300.87569999999994
384,64,fc1,aten::addmm,17.541699999999945
384,64,fc1,Activity Buffer Request,1.8783000000000356
384,64,fc1,volta_sgemm_64x32_sliced1x4_tn,14.290700000000015
384,64,fc1,"void cublasLt::splitKreduce_kernel<32, 16, int, float, float, float, float, false, float, float, float, true, true, false>(cublasLt::cublasSplitKParams<float>, float const*, float const*, float*, float*, float const*, float const*, float const*, float const*, float*, void*, long, float*, int*, float*, float*, float const*, float const*, float const*, float const*, float const*)",3.250999999999931
384,64,relu,aten::clamp_min_,2.0255999999999856
384,64,relu,Activity Buffer Request,0.20160000000000763
384,64,relu,"void at::native::vectorized_elementwise_kernel<4, at::native::(anonymous namespace)::launch_clamp_scalar(at::TensorIteratorBase&, c10::Scalar, c10::Scalar, at::native::detail::ClampLimits)::{lambda()#1}::operator()() const::{lambda()#7}::operator()() const::{lambda(float)#1}, std::array<char*, 2ul> >(int, at::native::(anonymous namespace)::launch_clamp_scalar(at::TensorIteratorBase&, c10::Scalar, c10::Scalar, at::native::detail::ClampLimits)::{lambda()#1}::operator()() const::{lambda()#7}::operator()() const::{lambda(float)#1}, std::array<char*, 2ul>)",2.0255999999999856
384,64,fc2,aten::addmm,11.964499999999976
384,64,fc2,Activity Buffer Request,1.2991999999999961
384,64,fc2,volta_sgemm_32x32_sliced1x4_tn,11.964499999999976
384,111,conv1,aten::cudnn_convolution,71305.02099999972
384,111,conv1,Activity Buffer Request,7051.955199999995
384,111,conv1,"void fft2d_r2c_32x32<float, false, 1u, true>(float2*, float const*, int, int, int, int, int, int, int, int, int, cudnn::reduced_divisor, bool, int2, int, int)",19.529199999994535
384,111,conv1,"void fft2d_r2c_32x32<float, false, 0u, false>(float2*, float const*, int, int, int, int, int, int, int, int, int, cudnn::reduced_divisor, bool, int2, int, int)",9041.377600000098
384,111,conv1,volta_gcgemm_32x32_nt,23457.207000000137
384,111,conv1,"void fft2d_c2r_32x32<float, true, false, 0u, false, false>(float*, float2 const*, int, int, int, int, int, int, int, int, int, float, float, cudnn::reduced_divisor, bool, float*, float*, int2, cudnnActivationStruct, int, int)",38786.907199999994
384,111,conv1,Command Buffer Full,16211021.582100406
384,111,pool1,aten::max_pool2d_with_indices,4893.0914999999995
384,111,pool1,"void at::native::(anonymous namespace)::max_pool_forward_nchw<float, int>(int, float const*, long, long, long, int, int, int, int, int, int, int, int, int, int, float*, long*)",4893.0914999999995
384,111,conv2,aten::cudnn_convolution,16865.855100000008
384,111,conv2,Activity Buffer Request,1246.5898
384,111,conv2,volta_sgemm_128x64_nn,4518.167600000006
384,111,conv2,"void cudnn::winograd_nonfused::winogradForwardOutput9x9_5x5<float, float>(cudnn::winograd_nonfused::WinogradOutputParams<float, float>)",7348.3177
384,111,conv2,"void cudnn::winograd_nonfused::winogradForwardData9x9_5x5<float, float>(cudnn::winograd_nonfused::WinogradDataParams<float, float>)",4988.422700000001
384,111,conv2,"void cudnn::winograd_nonfused::winogradForwardFilter9x9_5x5<float, float>(cudnn::winograd_nonfused::WinogradFilterParams<float, float>)",10.9471000000005
384,111,conv3,aten::cudnn_convolution,7910.374800000002
384,111,conv3,"void cask__5x_cudnn::computeOffsetsKernel<false, false>(cask__5x_cudnn::ComputeOffsetsParams)",3.1070000000008804
384,111,conv3,_5x_cudnn_volta_scudnn_128x128_relu_medium_nn_v1,7907.2678
384,111,conv4,aten::cudnn_convolution,3420.4392999999995
384,111,conv4,volta_sgemm_128x64_nn,3420.4392999999995
384,111,conv5,aten::cudnn_convolution,18461.6238
384,111,conv5,"void cask__5x_cudnn::computeOffsetsKernel<false, false>(cask__5x_cudnn::ComputeOffsetsParams)",3.353600000001461
384,111,conv5,_5x_cudnn_volta_scudnn_128x64_relu_xregs_large_nn_v1,18458.2702
384,111,conv6,aten::cudnn_convolution,3606.267499999999
384,111,conv6,"void cask__5x_cudnn::computeOffsetsKernel<false, false>(cask__5x_cudnn::ComputeOffsetsParams)",2.975799999998981
384,111,conv6,_5x_cudnn_volta_scudnn_128x128_relu_medium_nn_v1,3603.2917
384,111,pool2,aten::mean,408.26070000000016
384,111,pool2,"void at::native::reduce_kernel<512, 1, at::native::ReduceOp<float, at::native::MeanOps<float, float, float, float>, unsigned int, float, 4, 4> >(at::native::ReduceOp<float, at::native::MeanOps<float, float, float, float>, unsigned int, float, 4, 4>)",408.26070000000016
384,111,fc1,aten::addmm,23.602299999999946
384,111,fc1,volta_sgemm_128x32_tn,19.884199999999986
384,111,fc1,"void cublasLt::splitKreduce_kernel<32, 16, int, float, float, float, float, false, float, float, float, true, true, false>(cublasLt::cublasSplitKParams<float>, float const*, float const*, float*, float*, float const*, float const*, float const*, float const*, float*, void*, long, float*, int*, float*, float*, float const*, float const*, float const*, float const*, float const*)",3.7180999999999584
384,111,relu,aten::clamp_min_,1.7149999999999637
384,111,relu,"void at::native::vectorized_elementwise_kernel<4, at::native::(anonymous namespace)::launch_clamp_scalar(at::TensorIteratorBase&, c10::Scalar, c10::Scalar, at::native::detail::ClampLimits)::{lambda()#1}::operator()() const::{lambda()#7}::operator()() const::{lambda(float)#1}, std::array<char*, 2ul> >(int, at::native::(anonymous namespace)::launch_clamp_scalar(at::TensorIteratorBase&, c10::Scalar, c10::Scalar, at::native::detail::ClampLimits)::{lambda()#1}::operator()() const::{lambda()#7}::operator()() const::{lambda(float)#1}, std::array<char*, 2ul>)",1.7149999999999637
384,111,fc2,aten::addmm,8.789699999999902
384,111,fc2,volta_sgemm_128x32_tn,6.678099999999949
384,111,fc2,"void cublasLt::splitKreduce_kernel<32, 16, int, float, float, float, float, false, float, float, float, true, true, false>(cublasLt::cublasSplitKParams<float>, float const*, float const*, float*, float*, float const*, float const*, float const*, float const*, float*, void*, long, float*, int*, float*, float*, float const*, float const*, float const*, float const*, float const*)",2.111599999999953
384,128,conv1,aten::cudnn_convolution,80794.74339999942
384,128,conv1,Activity Buffer Request,8084.7310000000025
384,128,conv1,volta_gcgemm_32x32_nt,26619.213299999807
384,128,conv1,"void fft2d_r2c_32x32<float, false, 0u, false>(float2*, float const*, int, int, int, int, int, int, int, int, int, cudnn::reduced_divisor, bool, int2, int, int)",8976.74399999994
384,128,conv1,"void fft2d_c2r_32x32<float, true, false, 0u, false, false>(float*, float2 const*, int, int, int, int, int, int, int, int, int, float, float, cudnn::reduced_divisor, bool, float*, float*, int2, cudnnActivationStruct, int, int)",45178.41550000003
384,128,conv1,Command Buffer Full,18127359.70279971
384,128,conv1,"void fft2d_r2c_32x32<float, false, 1u, true>(float2*, float const*, int, int, int, int, int, int, int, int, int, cudnn::reduced_divisor, bool, int2, int, int)",20.370599999987462
384,128,pool1,aten::max_pool2d_with_indices,4278.7318
384,128,pool1,"void at::native::(anonymous namespace)::max_pool_forward_nchw<float, int>(int, float const*, long, long, long, int, int, int, int, int, int, int, int, int, int, float*, long*)",4278.7318
384,128,conv2,aten::cudnn_convolution,16309.056500000002
384,128,conv2,"void cudnn::winograd_nonfused::winogradForwardData9x9_5x5<float, float>(cudnn::winograd_nonfused::WinogradDataParams<float, float>)",5113.971199999998
384,128,conv2,"void cudnn::winograd_nonfused::winogradForwardFilter9x9_5x5<float, float>(cudnn::winograd_nonfused::WinogradFilterParams<float, float>)",9.532400000001507
384,128,conv2,volta_sgemm_128x64_nn,4242.9976
384,128,conv2,"void cudnn::winograd_nonfused::winogradForwardOutput9x9_5x5<float, float>(cudnn::winograd_nonfused::WinogradOutputParams<float, float>)",6942.555300000003
384,128,conv3,aten::cudnn_convolution,8153.4083
384,128,conv3,"void cask__5x_cudnn::computeOffsetsKernel<false, false>(cask__5x_cudnn::ComputeOffsetsParams)",2.7903000000002067
384,128,conv3,_5x_cudnn_volta_scudnn_128x128_relu_medium_nn_v1,8150.6179999999995
384,128,conv4,aten::cudnn_convolution,3117.689
384,128,conv4,volta_sgemm_128x64_nn,3117.689
384,128,conv5,aten::cudnn_convolution,19154.911700000004
384,128,conv5,"void cask__5x_cudnn::computeOffsetsKernel<false, false>(cask__5x_cudnn::ComputeOffsetsParams)",2.9663000000000466
384,128,conv5,_5x_cudnn_volta_scudnn_128x64_relu_xregs_large_nn_v1,19151.945400000004
384,128,conv6,aten::cudnn_convolution,4013.717800000001
384,128,conv6,"void cask__5x_cudnn::computeOffsetsKernel<false, false>(cask__5x_cudnn::ComputeOffsetsParams)",2.7998999999999796
384,128,conv6,_5x_cudnn_volta_scudnn_128x128_relu_medium_nn_v1,4010.9179000000013
384,128,pool2,aten::mean,352.50600000000014
384,128,pool2,"void at::native::reduce_kernel<512, 1, at::native::ReduceOp<float, at::native::MeanOps<float, float, float, float>, unsigned int, float, 4, 4> >(at::native::ReduceOp<float, at::native::MeanOps<float, float, float, float>, unsigned int, float, 4, 4>)",352.50600000000014
384,128,fc1,aten::addmm,18.49209999999989
384,128,fc1,volta_sgemm_128x32_tn,15.666599999999926
384,128,fc1,"void cublasLt::splitKreduce_kernel<32, 16, int, float, float, float, float, false, float, float, float, true, true, false>(cublasLt::cublasSplitKParams<float>, float const*, float const*, float*, float*, float const*, float const*, float const*, float const*, float*, void*, long, float*, int*, float*, float*, float const*, float const*, float const*, float const*, float const*)",2.8254999999999653
384,128,relu,aten::clamp_min_,1.2574999999999932
384,128,relu,"void at::native::vectorized_elementwise_kernel<4, at::native::(anonymous namespace)::launch_clamp_scalar(at::TensorIteratorBase&, c10::Scalar, c10::Scalar, at::native::detail::ClampLimits)::{lambda()#1}::operator()() const::{lambda()#7}::operator()() const::{lambda(float)#1}, std::array<char*, 2ul> >(int, at::native::(anonymous namespace)::launch_clamp_scalar(at::TensorIteratorBase&, c10::Scalar, c10::Scalar, at::native::detail::ClampLimits)::{lambda()#1}::operator()() const::{lambda()#7}::operator()() const::{lambda(float)#1}, std::array<char*, 2ul>)",1.2574999999999932
384,128,fc2,aten::addmm,10.230099999999993
384,128,fc2,volta_sgemm_32x128_tn,7.878200000000038
384,128,fc2,"void cublasLt::splitKreduce_kernel<32, 16, int, float, float, float, float, false, float, float, float, true, true, false>(cublasLt::cublasSplitKParams<float>, float const*, float const*, float*, float*, float const*, float const*, float const*, float const*, float*, void*, long, float*, int*, float*, float*, float const*, float const*, float const*, float const*, float const*)",2.3518999999999552
384,256,conv1,aten::cudnn_convolution,150190.24770000018
384,256,conv1,Activity Buffer Request,15578.70120000001
384,256,conv1,"void fft2d_r2c_32x32<float, false, 0u, false>(float2*, float const*, int, int, int, int, int, int, int, int, int, cudnn::reduced_divisor, bool, int2, int, int)",16252.605400000082
384,256,conv1,volta_gcgemm_32x32_nt,47372.21110000013
384,256,conv1,"void fft2d_c2r_32x32<float, true, false, 0u, false, false>(float*, float2 const*, int, int, int, int, int, int, int, int, int, float, float, cudnn::reduced_divisor, bool, float*, float*, int2, cudnnActivationStruct, int, int)",86541.4383999999
384,256,conv1,Command Buffer Full,34837276.06809933
384,256,conv1,"void fft2d_r2c_32x32<float, false, 1u, true>(float2*, float const*, int, int, int, int, int, int, int, int, int, cudnn::reduced_divisor, bool, int2, int, int)",23.992800000007264
384,256,pool1,aten::max_pool2d_with_indices,5627.141700000002
384,256,pool1,"void at::native::(anonymous namespace)::max_pool_forward_nchw<float, int>(int, float const*, long, long, long, int, int, int, int, int, int, int, int, int, int, float*, long*)",5627.141700000002
384,256,conv2,aten::cudnn_convolution,31700.72419999999
384,256,conv2,volta_sgemm_128x64_nn,8487.862899999995
384,256,conv2,"void cudnn::winograd_nonfused::winogradForwardOutput9x9_5x5<float, float>(cudnn::winograd_nonfused::WinogradOutputParams<float, float>)",14117.010400000005
384,256,conv2,"void cudnn::winograd_nonfused::winogradForwardData9x9_5x5<float, float>(cudnn::winograd_nonfused::WinogradDataParams<float, float>)",9086.964599999996
384,256,conv2,"void cudnn::winograd_nonfused::winogradForwardFilter9x9_5x5<float, float>(cudnn::winograd_nonfused::WinogradFilterParams<float, float>)",8.886299999999755
384,256,conv3,aten::cudnn_convolution,14300.446699999995
384,256,conv3,"void cask__5x_cudnn::computeOffsetsKernel<false, false>(cask__5x_cudnn::ComputeOffsetsParams)",2.44479999999603
384,256,conv3,_5x_cudnn_volta_scudnn_128x128_relu_medium_nn_v1,14298.0019
384,256,conv4,aten::cudnn_convolution,4424.2087
384,256,conv4,volta_sgemm_128x64_nn,4424.2087
384,256,conv5,aten::cudnn_convolution,33060.83690000001
384,256,conv5,"void cask__5x_cudnn::computeOffsetsKernel<false, false>(cask__5x_cudnn::ComputeOffsetsParams)",2.5951000000030033
384,256,conv5,_5x_cudnn_volta_scudnn_128x64_relu_xregs_large_nn_v1,33058.2418
384,256,conv6,aten::cudnn_convolution,9429.738399999998
384,256,conv6,"void cask__5x_cudnn::computeOffsetsKernel<false, false>(cask__5x_cudnn::ComputeOffsetsParams)",2.844800000000396
384,256,conv6,_5x_cudnn_volta_scudnn_128x64_relu_small_nn_v1,9426.893599999998
384,256,pool2,aten::mean,465.97429999999986
384,256,pool2,"void at::native::reduce_kernel<512, 1, at::native::ReduceOp<float, at::native::MeanOps<float, float, float, float>, unsigned int, float, 4, 4> >(at::native::ReduceOp<float, at::native::MeanOps<float, float, float, float>, unsigned int, float, 4, 4>)",465.97429999999986
384,256,fc1,aten::addmm,27.125200000000017
384,256,fc1,volta_sgemm_128x64_tn,22.424599999999987
384,256,fc1,"void cublasLt::splitKreduce_kernel<32, 16, int, float, float, float, float, false, float, float, float, true, true, false>(cublasLt::cublasSplitKParams<float>, float const*, float const*, float*, float*, float const*, float const*, float const*, float const*, float*, void*, long, float*, int*, float*, float*, float const*, float const*, float const*, float const*, float const*)",4.700600000000032
384,256,relu,aten::clamp_min_,0.9472000000000207
384,256,relu,"void at::native::vectorized_elementwise_kernel<4, at::native::(anonymous namespace)::launch_clamp_scalar(at::TensorIteratorBase&, c10::Scalar, c10::Scalar, at::native::detail::ClampLimits)::{lambda()#1}::operator()() const::{lambda()#7}::operator()() const::{lambda(float)#1}, std::array<char*, 2ul> >(int, at::native::(anonymous namespace)::launch_clamp_scalar(at::TensorIteratorBase&, c10::Scalar, c10::Scalar, at::native::detail::ClampLimits)::{lambda()#1}::operator()() const::{lambda()#7}::operator()() const::{lambda(float)#1}, std::array<char*, 2ul>)",0.9472000000000207
384,256,fc2,aten::addmm,10.48929999999998
384,256,fc2,volta_sgemm_32x128_tn,8.098899999999981
384,256,fc2,"void cublasLt::splitKreduce_kernel<32, 16, int, float, float, float, float, false, float, float, float, true, true, false>(cublasLt::cublasSplitKParams<float>, float const*, float const*, float*, float*, float const*, float const*, float const*, float const*, float*, void*, long, float*, int*, float*, float*, float const*, float const*, float const*, float const*, float const*)",2.3903999999999996
512,1,conv1,aten::cudnn_convolution,110.46299999999997
512,1,conv1,"void cask__5x_cudnn::computeOffsetsKernel<false, false>(cask__5x_cudnn::ComputeOffsetsParams)",2.489599999999973
512,1,conv1,_5x_cudnn_volta_scudnn_128x32_relu_medium_nn_v1,107.9734
512,1,pool1,aten::max_pool2d_with_indices,25.407100000000014
512,1,pool1,"void at::native::(anonymous namespace)::max_pool_forward_nchw<float, int>(int, float const*, long, long, long, int, int, int, int, int, int, int, int, int, int, float*, long*)",25.407100000000014
512,1,conv2,aten::cudnn_convolution,221.31100000000006
512,1,conv2,"void cask__5x_cudnn::computeOffsetsKernel<false, false>(cask__5x_cudnn::ComputeOffsetsParams)",1.5487000000000308
512,1,conv2,_5x_cudnn_volta_scudnn_128x64_relu_xregs_large_nn_v1,219.7623
512,1,conv3,aten::cudnn_convolution,81.78309999999995
512,1,conv3,"void cask__5x_cudnn::computeOffsetsKernel<false, false>(cask__5x_cudnn::ComputeOffsetsParams)",1.5966999999999643
512,1,conv3,_5x_cudnn_volta_scudnn_128x128_relu_medium_nn_v1,80.18639999999998
512,1,conv4,aten::cudnn_convolution,21.983400000000007
512,1,conv4,volta_sgemm_128x128_nn,21.983400000000007
512,1,conv5,aten::cudnn_convolution,187.87430000000006
512,1,conv5,"void cask__5x_cudnn::computeOffsetsKernel<false, false>(cask__5x_cudnn::ComputeOffsetsParams)",1.567900000000077
512,1,conv5,_5x_cudnn_volta_scudnn_128x64_relu_xregs_large_nn_v1,186.3064
512,1,conv6,aten::cudnn_convolution,20.44409999999998
512,1,conv6,volta_sgemm_128x64_nn,20.44409999999998
512,1,pool2,aten::mean,2.057400000000007
512,1,pool2,"void at::native::reduce_kernel<512, 1, at::native::ReduceOp<float, at::native::MeanOps<float, float, float, float>, unsigned int, float, 4, 4> >(at::native::ReduceOp<float, at::native::MeanOps<float, float, float, float>, unsigned int, float, 4, 4>)",2.057400000000007
512,1,fc1,aten::addmm,1.2063999999999624
512,1,fc1,"std::enable_if<!(false), void>::type internal::gemvx::kernel<int, int, float, float, float, float, false, true, true, false, 7, false, cublasGemvParamsEx<int, cublasGemvTensorStridedBatched<float const>, cublasGemvTensorStridedBatched<float const>, cublasGemvTensorStridedBatched<float>, float> >(cublasGemvParamsEx<int, cublasGemvTensorStridedBatched<float const>, cublasGemvTensorStridedBatched<float const>, cublasGemvTensorStridedBatched<float>, float>)",1.2063999999999624
512,1,relu,aten::clamp_min_,0.5951999999999998
512,1,relu,"void at::native::vectorized_elementwise_kernel<4, at::native::(anonymous namespace)::launch_clamp_scalar(at::TensorIteratorBase&, c10::Scalar, c10::Scalar, at::native::detail::ClampLimits)::{lambda()#1}::operator()() const::{lambda()#7}::operator()() const::{lambda(float)#1}, std::array<char*, 2ul> >(int, at::native::(anonymous namespace)::launch_clamp_scalar(at::TensorIteratorBase&, c10::Scalar, c10::Scalar, at::native::detail::ClampLimits)::{lambda()#1}::operator()() const::{lambda()#7}::operator()() const::{lambda(float)#1}, std::array<char*, 2ul>)",0.5951999999999998
512,1,fc2,aten::addmm,1.1935999999999922
512,1,fc2,"std::enable_if<!(false), void>::type internal::gemvx::kernel<int, int, float, float, float, float, false, true, true, false, 7, false, cublasGemvParamsEx<int, cublasGemvTensorStridedBatched<float const>, cublasGemvTensorStridedBatched<float const>, cublasGemvTensorStridedBatched<float>, float> >(cublasGemvParamsEx<int, cublasGemvTensorStridedBatched<float const>, cublasGemvTensorStridedBatched<float const>, cublasGemvTensorStridedBatched<float>, float>)",1.1935999999999922
512,8,conv1,aten::cudnn_convolution,713.7763999999997
512,8,conv1,"void cask__5x_cudnn::computeOffsetsKernel<false, false>(cask__5x_cudnn::ComputeOffsetsParams)",2.284699999999975
512,8,conv1,_5x_cudnn_volta_scudnn_128x32_relu_medium_nn_v1,711.4916999999998
512,8,pool1,aten::max_pool2d_with_indices,193.03629999999998
512,8,pool1,"void at::native::(anonymous namespace)::max_pool_forward_nchw<float, int>(int, float const*, long, long, long, int, int, int, int, int, int, int, int, int, int, float*, long*)",193.03629999999998
512,8,conv2,aten::cudnn_convolution,1770.2921999999999
512,8,conv2,"void cask__5x_cudnn::computeOffsetsKernel<false, false>(cask__5x_cudnn::ComputeOffsetsParams)",2.0544000000002596
512,8,conv2,_5x_cudnn_volta_scudnn_128x64_relu_xregs_large_nn_v1,1768.2377999999997
512,8,conv3,aten::cudnn_convolution,794.0408000000002
512,8,conv3,"void cask__5x_cudnn::computeOffsetsKernel<false, false>(cask__5x_cudnn::ComputeOffsetsParams)",2.268800000000101
512,8,conv3,_5x_cudnn_volta_scudnn_128x128_relu_medium_nn_v1,791.7720000000002
512,8,conv4,aten::cudnn_convolution,167.3955999999999
512,8,conv4,volta_sgemm_128x64_nn,167.3955999999999
512,8,conv5,aten::cudnn_convolution,1275.8071999999995
512,8,conv5,"void cask__5x_cudnn::computeOffsetsKernel<false, false>(cask__5x_cudnn::ComputeOffsetsParams)",1.8591999999999644
512,8,conv5,_5x_cudnn_volta_scudnn_128x64_relu_xregs_large_nn_v1,1273.9479999999996
512,8,conv6,aten::cudnn_convolution,205.82960000000008
512,8,conv6,volta_sgemm_128x64_nn,205.82960000000008
512,8,pool2,aten::mean,27.397400000000015
512,8,pool2,"void at::native::reduce_kernel<512, 1, at::native::ReduceOp<float, at::native::MeanOps<float, float, float, float>, unsigned int, float, 4, 4> >(at::native::ReduceOp<float, at::native::MeanOps<float, float, float, float>, unsigned int, float, 4, 4>)",27.397400000000015
512,8,fc1,aten::addmm,3.54849999999999
512,8,fc1,"void gemmSN_TN_kernel<float, 128, 16, 2, 4, 8, 9, false, cublasGemvTensorStridedBatched<float const>, cublasGemvTensorStridedBatched<float const>, cublasGemvTensorStridedBatched<float> >(cublasGemmSmallNParams<cublasGemvTensorStridedBatched<float const>, cublasGemvTensorStridedBatched<float const>, cublasGemvTensorStridedBatched<float>, float>)",3.54849999999999
512,8,relu,aten::clamp_min_,0.646400000000017
512,8,relu,"void at::native::vectorized_elementwise_kernel<4, at::native::(anonymous namespace)::launch_clamp_scalar(at::TensorIteratorBase&, c10::Scalar, c10::Scalar, at::native::detail::ClampLimits)::{lambda()#1}::operator()() const::{lambda()#7}::operator()() const::{lambda(float)#1}, std::array<char*, 2ul> >(int, at::native::(anonymous namespace)::launch_clamp_scalar(at::TensorIteratorBase&, c10::Scalar, c10::Scalar, at::native::detail::ClampLimits)::{lambda()#1}::operator()() const::{lambda()#7}::operator()() const::{lambda(float)#1}, std::array<char*, 2ul>)",0.646400000000017
512,8,fc2,aten::addmm,1.5360000000000127
512,8,fc2,"void gemmSN_TN_kernel<float, 128, 16, 2, 4, 8, 9, false, cublasGemvTensorStridedBatched<float const>, cublasGemvTensorStridedBatched<float const>, cublasGemvTensorStridedBatched<float> >(cublasGemmSmallNParams<cublasGemvTensorStridedBatched<float const>, cublasGemvTensorStridedBatched<float const>, cublasGemvTensorStridedBatched<float>, float>)",1.5360000000000127
512,64,conv1,aten::cudnn_convolution,9598.432799999999
512,64,conv1,"void cask__5x_cudnn::computeOffsetsKernel<false, false>(cask__5x_cudnn::ComputeOffsetsParams)",3.7246999999988475
512,64,conv1,_5x_cudnn_volta_scudnn_128x32_relu_medium_nn_v1,9594.7081
512,64,pool1,aten::max_pool2d_with_indices,1726.2002999999997
512,64,pool1,"void at::native::(anonymous namespace)::max_pool_forward_nchw<float, int>(int, float const*, long, long, long, int, int, int, int, int, int, int, int, int, int, float*, long*)",1726.2002999999997
512,64,conv2,aten::cudnn_convolution,14433.404899999989
512,64,conv2,volta_sgemm_128x64_nn,4040.9862999999996
512,64,conv2,"void cudnn::winograd_nonfused::winogradForwardOutput9x9_5x5<float, float>(cudnn::winograd_nonfused::WinogradOutputParams<float, float>)",6236.242699999995
512,64,conv2,"void cudnn::winograd_nonfused::winogradForwardData9x9_5x5<float, float>(cudnn::winograd_nonfused::WinogradDataParams<float, float>)",4147.949199999996
512,64,conv2,"void cudnn::winograd_nonfused::winogradForwardFilter9x9_5x5<float, float>(cudnn::winograd_nonfused::WinogradFilterParams<float, float>)",8.226699999996345
512,64,conv3,aten::cudnn_convolution,6454.941699999998
512,64,conv3,"void cask__5x_cudnn::computeOffsetsKernel<false, false>(cask__5x_cudnn::ComputeOffsetsParams)",2.4606999999978143
512,64,conv3,_5x_cudnn_volta_scudnn_128x128_relu_medium_nn_v1,6452.480999999999
512,64,conv4,aten::cudnn_convolution,1849.4153
512,64,conv4,volta_sgemm_128x64_nn,1849.4153
512,64,conv5,aten::cudnn_convolution,14169.885099999996
512,64,conv5,"void cask__5x_cudnn::computeOffsetsKernel<false, false>(cask__5x_cudnn::ComputeOffsetsParams)",2.550299999996059
512,64,conv5,_5x_cudnn_volta_scudnn_128x64_relu_xregs_large_nn_v1,14167.3348
512,64,conv6,aten::cudnn_convolution,2888.364
512,64,conv6,"void cask__5x_cudnn::computeOffsetsKernel<false, false>(cask__5x_cudnn::ComputeOffsetsParams)",2.2880000000006477
512,64,conv6,_5x_cudnn_volta_scudnn_128x128_relu_medium_nn_v1,2886.0759999999996
512,64,pool2,aten::mean,203.3909999999999
512,64,pool2,"void at::native::reduce_kernel<512, 1, at::native::ReduceOp<float, at::native::MeanOps<float, float, float, float>, unsigned int, float, 4, 4> >(at::native::ReduceOp<float, at::native::MeanOps<float, float, float, float>, unsigned int, float, 4, 4>)",203.3909999999999
512,64,fc1,aten::addmm,12.201100000000043
512,64,fc1,volta_sgemm_64x32_sliced1x4_tn,9.929200000000083
512,64,fc1,"void cublasLt::splitKreduce_kernel<32, 16, int, float, float, float, float, false, float, float, float, true, true, false>(cublasLt::cublasSplitKParams<float>, float const*, float const*, float*, float*, float const*, float const*, float const*, float const*, float*, void*, long, float*, int*, float*, float*, float const*, float const*, float const*, float const*, float const*)",2.2718999999999596
512,64,relu,aten::clamp_min_,0.8127000000000066
512,64,relu,"void at::native::vectorized_elementwise_kernel<4, at::native::(anonymous namespace)::launch_clamp_scalar(at::TensorIteratorBase&, c10::Scalar, c10::Scalar, at::native::detail::ClampLimits)::{lambda()#1}::operator()() const::{lambda()#7}::operator()() const::{lambda(float)#1}, std::array<char*, 2ul> >(int, at::native::(anonymous namespace)::launch_clamp_scalar(at::TensorIteratorBase&, c10::Scalar, c10::Scalar, at::native::detail::ClampLimits)::{lambda()#1}::operator()() const::{lambda()#7}::operator()() const::{lambda(float)#1}, std::array<char*, 2ul>)",0.8127000000000066
512,64,fc2,aten::addmm,4.182299999999986
512,64,fc2,volta_sgemm_32x32_sliced1x4_tn,4.182299999999986
512,111,conv1,aten::cudnn_convolution,126936.38769999982
512,111,conv1,Activity Buffer Request,25135.623600000094
512,111,conv1,"void fft2d_r2c_32x32<float, false, 0u, false>(float2*, float const*, int, int, int, int, int, int, int, int, int, cudnn::reduced_divisor, bool, int2, int, int)",15855.755400000204
512,111,conv1,"void fft2d_c2r_32x32<float, true, false, 0u, false, false>(float*, float2 const*, int, int, int, int, int, int, int, int, int, float, float, cudnn::reduced_divisor, bool, float*, float*, int2, cudnnActivationStruct, int, int)",69149.55460000006
512,111,conv1,volta_gcgemm_32x32_nt,41912.50369999986
512,111,conv1,Command Buffer Full,71686749.43079406
512,111,conv1,"void fft2d_r2c_32x32<float, false, 1u, true>(float2*, float const*, int, int, int, int, int, int, int, int, int, cudnn::reduced_divisor, bool, int2, int, int)",18.573999999981606
512,111,conv1,Buffer Flush,12710.453000000096
512,111,conv2,aten::cudnn_convolution,19128.667899999993
512,111,conv2,"void cudnn::winograd_nonfused::winogradForwardOutput9x9_5x5<float, float>(cudnn::winograd_nonfused::WinogradOutputParams<float, float>)",8563.883999999995
512,111,conv2,"void cudnn::winograd_nonfused::winogradForwardData9x9_5x5<float, float>(cudnn::winograd_nonfused::WinogradDataParams<float, float>)",5448.550800000002
512,111,conv2,"void cudnn::winograd_nonfused::winogradForwardFilter9x9_5x5<float, float>(cudnn::winograd_nonfused::WinogradFilterParams<float, float>)",6.239599999992061
512,111,conv2,volta_sgemm_128x64_nn,5109.993500000006
512,111,conv3,aten::cudnn_convolution,4682.781800000002
512,111,conv3,_5x_cudnn_volta_scudnn_128x128_relu_medium_nn_v1,4682.087400000001
512,111,conv3,"void cask__5x_cudnn::computeOffsetsKernel<false, false>(cask__5x_cudnn::ComputeOffsetsParams)",0.6944000000003143
512,111,conv5,aten::cudnn_convolution,10727.312
512,111,conv5,_5x_cudnn_volta_scudnn_128x64_relu_xregs_large_nn_v1,10726.576000000001
512,111,conv5,"void cask__5x_cudnn::computeOffsetsKernel<false, false>(cask__5x_cudnn::ComputeOffsetsParams)",0.735999999998603
512,111,conv6,aten::cudnn_convolution,2512.231700000001
512,111,conv6,_5x_cudnn_volta_scudnn_128x128_relu_medium_nn_v1,2511.4926000000014
512,111,conv6,"void cask__5x_cudnn::computeOffsetsKernel<false, false>(cask__5x_cudnn::ComputeOffsetsParams)",0.7390999999995984
512,111,fc1,aten::addmm,4.883100000000013
512,111,fc1,"void cublasLt::splitKreduce_kernel<32, 16, int, float, float, float, float, false, float, float, float, true, true, false>(cublasLt::cublasSplitKParams<float>, float const*, float const*, float*, float*, float const*, float const*, float const*, float const*, float*, void*, long, float*, int*, float*, float*, float const*, float const*, float const*, float const*, float const*)",1.0686999999999898
512,111,fc1,volta_sgemm_128x32_tn,3.814400000000023
512,111,fc2,aten::addmm,2.252800000000002
512,111,fc2,"void cublasLt::splitKreduce_kernel<32, 16, int, float, float, float, float, false, float, float, float, true, true, false>(cublasLt::cublasSplitKParams<float>, float const*, float const*, float*, float*, float const*, float const*, float const*, float const*, float*, void*, long, float*, int*, float*, float*, float const*, float const*, float const*, float const*, float const*)",0.7296000000000049
512,111,fc2,volta_sgemm_128x32_tn,1.523199999999997
512,128,conv1,aten::cudnn_convolution,144164.96030000242
512,128,conv1,Activity Buffer Request,28616.001399999775
512,128,conv1,"void fft2d_r2c_32x32<float, false, 0u, false>(float2*, float const*, int, int, int, int, int, int, int, int, int, cudnn::reduced_divisor, bool, int2, int, int)",15964.608500000064
512,128,conv1,"void fft2d_c2r_32x32<float, true, false, 0u, false, false>(float*, float2 const*, int, int, int, int, int, int, int, int, int, float, float, cudnn::reduced_divisor, bool, float*, float*, int2, cudnnActivationStruct, int, int)",81225.92999999996
512,128,conv1,volta_gcgemm_32x32_nt,46952.95870000034
512,128,conv1,Command Buffer Full,82242062.9484917
512,128,conv1,"void fft2d_r2c_32x32<float, false, 1u, true>(float2*, float const*, int, int, int, int, int, int, int, int, int, cudnn::reduced_divisor, bool, int2, int, int)",21.463099999987755
512,128,conv1,Buffer Flush,14438.008299999778
512,128,conv2,aten::cudnn_convolution,13383.3466
512,128,conv2,"void cudnn::winograd_nonfused::winogradForwardData9x9_5x5<float, float>(cudnn::winograd_nonfused::WinogradDataParams<float, float>)",4231.988999999996
512,128,conv2,"void cudnn::winograd_nonfused::winogradForwardFilter9x9_5x5<float, float>(cudnn::winograd_nonfused::WinogradFilterParams<float, float>)",4.27510000000475
512,128,conv2,volta_sgemm_128x64_nn,3524.8885000000037
512,128,conv2,"void cudnn::winograd_nonfused::winogradForwardOutput9x9_5x5<float, float>(cudnn::winograd_nonfused::WinogradOutputParams<float, float>)",5622.193999999998
512,256,conv1,aten::cudnn_convolution,266060.4758999951
512,256,conv1,Activity Buffer Request,53934.061999999314
512,256,conv1,"void fft2d_r2c_32x32<float, false, 0u, false>(float2*, float const*, int, int, int, int, int, int, int, int, int, cudnn::reduced_divisor, bool, int2, int, int)",29229.06559999947
512,256,conv1,"void fft2d_c2r_32x32<float, true, false, 0u, false, false>(float*, float2 const*, int, int, int, int, int, int, int, int, int, float, float, cudnn::reduced_divisor, bool, float*, float*, int2, cudnnActivationStruct, int, int)",154102.53799999878
512,256,conv1,volta_gcgemm_32x32_nt,82704.58689999853
512,256,conv1,Command Buffer Full,168064428.86130387
512,256,conv1,"void fft2d_r2c_32x32<float, false, 1u, true>(float2*, float const*, int, int, int, int, int, int, int, int, int, cudnn::reduced_divisor, bool, int2, int, int)",24.28540000000212
512,256,conv1,Buffer Flush,26513.04469999932
512,256,conv2,aten::cudnn_convolution,11583.284000000009
512,256,conv2,volta_sgemm_128x64_nn,3499.589100000006
512,256,conv2,"void cudnn::winograd_nonfused::winogradForwardOutput9x9_5x5<float, float>(cudnn::winograd_nonfused::WinogradOutputParams<float, float>)",5879.606700000004
512,256,conv2,"void cudnn::winograd_nonfused::winogradForwardData9x9_5x5<float, float>(cudnn::winograd_nonfused::WinogradDataParams<float, float>)",2203.019400000002
512,256,conv2,"void cudnn::winograd_nonfused::winogradForwardFilter9x9_5x5<float, float>(cudnn::winograd_nonfused::WinogradFilterParams<float, float>)",1.068799999996554
